"","year","president","speechtext"
"1",2019,"joko widodo","Bismillahirrahmanirrahim,Assalamu’alaikum Warahmatullahi Wabarakatuh,Selamat pagi,Salam sejahtera untuk kita semua,Om Swastiastu,Namo Buddhaya,Salam kebajikan.    Yang saya hormati Ketua, para Wakil Ketua, dan para Anggota Majelis Permusyawaratan Rakyat Republik Indonesia;
Yang saya hormati Ketua, para Wakil Ketua, dan para Anggota Lembaga-Lembaga Negara;
Yang saya hormati para Menteri Kabinet Kerja dan para Pimpinan Lembaga Pemerintah Non Kementerian;
Yang saya hormati Ibu Hajah Megawati Soekarnoputri, Presiden Republik Indonesia Kelima;
Yang saya hormati Bapak Try Sutrisno dan Bapak Hamzah Haz;
Yang saya hormati Ibu Shinta Nuriyah Abdurrahman Wahid;
Yang saya hormati Bapak Kyai Haji Ma’ruf Amin, Wakil Presiden Terpilih Masa Bhakti 2019-2024;
Sahabat baik saya Bapak Sandiaga Uno;
Yang saya hormati, seluruh rakyat Indonesia, dari Sabang sampai Merauke, dari Miangas sampai Pulau Rote; Hadirin yang berbahagia,Saudara-saudara se-Bangsa dan se-Tanah Air,Pada sidang Majelis yang terhormat ini, saya ingin menghadirkan kembali semangat yang menyala di hati para pejuang kemerdekaan 74 tahun yang lalu. Bahwa Indonesia adalah rumah besar kita bersama, hanya mungkin terwujud jika kita  bersatu. Bersatu untuk mencapai satu tujuan, bersatu untuk bergerak di jalan perubahan, bersatu dengan penuh optimisme menatap masa depan. Semangat itulah yang mengantarkan Indonesia menjadi negara yang merdeka, negara yang berdaulat, yang berdiri sejajar dengan bangsa-bangsa lain di dunia. Sekarang ini, kita menghadapi tantangan yang berbeda. Tetapi, semangat itu harus terus menyala di hati kita semua. Kita berada di era di mana dunia berubah dengan sangat cepat, tetapi kita tidak boleh kehilangan bintang penjuru. Kita harus berani menerima era keterbukaan sejagad. Tetapi, kita tidak boleh kehilangan persatuan dan persaudaraan. Kita masuk dalam era kompetisi antarnegara yang semakin sengit. Tetapi, kita tidak boleh berhenti berkreasi dan berinovasi. Visi yang sama juga harus hidup dalam kerja kita semuanya, di semua lembaga negara. Checks and balances antarlembaga negara sangat penting, tetapi harus berada dalam bingkai yang sama, satu visi besar Indonesia Maju. Indonesia yang nyaman bagi seluruh anak bangsa, yang sejahtera, yang adil dan makmur, yang dihormati dan disegani oleh bangsa-bangsa lain di dunia. Saya yakin dalam bingkai visi yang sama, kita makin kuat, kita makin solid, dan menjadi pemenang dalam kompetisi global. Pencapaian visi besar harus kita percepat. Tidak ada jalan lain bagi kita semua, selain meninggalkan cara-cara lama dan beradaptasi dengan cara-cara baru. Kita butuh terobosan baru untuk menjawab harapan rakyat yang makin meningkat. Kita butuh lompatan-lompatan kemajuan untuk meningkatkan kepercayaan dan kecintaan rakyat. Kita butuh karya-karya nyata agar Lembaga-Lembaga Negara menjadi institusi yang kuat dan berwibawa. Untuk menjadi kuat, kita tidak bisa lagi berjalan sendiri-sendiri. Ego lembaga harus diruntuhkan, sehingga karya-karya baru dapat diciptakan bersama-sama. Ego sektoral yang terkotak-kotak tidak relevan lagi dan harus ditinggalkan. Kolaborasi dan sinergi antarlembaga harus ditingkatkan. Saudara-saudara se-Bangsa dan se-Tanah Air,Sidang Majelis yang saya muliakan,Dalam menjalankan tugas konstitusionalnya, MPR mengawal dan memberikan jaminan bahwa sistem ketatanegaraan Indonesia harus mencerminkan semangat dan jiwa Pancasila, UUD 1945, NKRI, dan Bhinneka Tunggal Ika. MPR telah melakukan sosialisasi empat konsensus kebangsaan secara gencar ke seluruh pelosok tanah air, dengan menyasar seluruh kelompok masyarakat. Mulai dari pelajar, akademisi, tokoh agama, tokoh masyarakat, hingga masyarakat umum. Saya yakin tugas mulia tersebut akan terus dilakukan dengan terobosan-terobosan baru, supaya nilai-nilai empat konsensus kebangsaan itu semakin tertanam kuat di dada setiap manusia Indonesia. Kemajuan teknologi informasi dan komunikasi harus mampu dimanfaatkan secara optimal. Di era sekarang ini, saat arus penyebaran informasi sangat cepat, kita harus lebih cepat dari yang lain, harus lebih sigap dari yang lain. Jangan sampai kemajuan teknologi justru lebih banyak digunakan oleh pihak-pihak yang mengerdilkan konsensus kebangsaan. Dalam merespons kemajuan teknologi informasi itu,  saya menghargai MPR yang terus mencari cara-cara baru sehingga nilai-nilai konsensus kebangsaan bisa diterima, terutama oleh generasi muda. MPR telah menerapkan perpaduan antara penggunaan media seni-budaya dengan cara pemanfaatan kemajuan teknologi. Cara-cara seperti ini yang kita butuhkan. Saya juga menghargai MPR yang sudah menggelar survei nasional, berkaitan dengan hasil kinerjanya dalam melakukan sosialisasi nilai-nilai luhur bangsa. Hasil survei tersebut bisa menjadi referensi untuk menyempurnakan strategi sosialisasi empat konsensus kebangsaan yang telah dilakukan. Agar program sosialisasi lebih efektif lagi, langkah-langkah penyempurnaan memang sangat diperlukan, terobosan-terobosan baru harus diciptakan. Lompatan-lompatan kreatif dalam pembinaan ideologi Pancasila harus dikembangkan. Saudara-saudara se-Bangsa dan se-Tanah Air,Demokrasi membutuhkan lembaga perwakilan rakyat yang berwibawa, yang kredibel, dan yang modern.  Karena itu, upaya Dewan Perwakilan Rakyat (DPR) untuk melakukan konsolidasi kelembagaan harus  didukung. Upaya DPR untuk meningkatkan kualitas produk perundang-undangan harus didukung. Upaya DPR untuk menjalankan checks and balances dalam satu visi besar yang sama juga harus didukung. Saya mengapresiasi setinggi-tingginya semangat DPR untuk bersinergi dan berkolaborasi dengan Pemerintah. Dalam menjalankan fungsi anggaran, DPR telah menyetujui UU Penerimaan Negara Bukan Pajak tahun 2018. DPR juga telah menyetujui alokasi Dana Desa sebesar Rp70 triliun di tahun 2019, yang sangat bermanfaat bagi peningkatan kesejahteraan masyarakat di desa. Pada fungsi legislasi, sepanjang Agustus 2018 hingga Juli 2019, DPR bersama-sama Pemerintah, telah berhasil menyelesaikan pembahasan terhadap 15 Rancangan Undang-Undang, antara lain RUU APBN, RUU di bidang perjanjian kerja sama internasional, RUU bidang penyelenggaraan haji, RUU bidang kesehatan, akselerasi penguasaan ilmu pengetahuan dan teknologi, serta beberapa RUU lain untuk menyikapi dinamika pembangunan yang bergerak sangat cepat. Di luar capaian di bidang legislasi tersebut, dukungan DPR pada upaya Pemerintah untuk mereformasi perundang-undangan tetap diharapkan. Undang-undang yang bertabrakan satu dengan yang lain harus diselaraskan. Undang-undang yang menyulitkan rakyat harus dibongkar. Undang-undang yang menghambat lompatan kemajuan harus kita ubah. Terkait fungsi pengawasan terhadap jalannya pemerintahan, DPR antara lain telah membentuk 8 Tim Pengawas, 1 Panitia Angket, dan 35 Panitia Kerja di berbagai ranah pembangunan. Salah satunya yaitu Panja Evaluasi Pelaksanaan Pemilu Serentak 2019, guna memastikan penyelenggaraan Pemilu makin berkualitas di masa-masa yang akan datang. DPR juga telah menyelenggarakan uji kelayakan dan kepatutan atas usulan pengangkatan sejumlah pejabat publik. Selama tahun 2019, DPR telah memberi pertimbangan dan persetujuan terhadap 34 Duta Besar Luar Biasa dan Berkuasa Penuh untuk negara-negara sahabat. Selain itu, DPR juga melanjutkan diplomasi parlemen untuk memperkuat politik luar negeri Indonesia. Pada bulan September 2018, DPR menjadi tuan rumah Forum Parlemen Dunia tentang Pembangunan Berkelanjutan untuk yang kedua kalinya. Serta menjadi tuan rumah pertemuan pimpinan parlemen dan perwakilan dari lima negara middle power, yaitu Meksiko, Indonesia, Korea Selatan, Turki, dan Australia. DPR juga terus menjalankan misi diplomasi parlemen, baik secara bilateral maupun multilateral, melalui partisipasi aktif di forum-forum antar-parlemen di tingkat regional dan di tingkat global. Saudara-saudara se-Bangsa dan se-Tanah Air,Dalam rumah besar Indonesia, daerah-daerah adalah pilar penting NKRI. DPD sebagai representasi daerah terus bekerja menjaga persatuan dan kesatuan bangsa. DPD juga telah menjadi ujung tombak dalam menjaga dan merevitalisasi nilai-nilai kearifan lokal. Selama setahun terakhir, DPD telah menghasilkan produk legislasi yang terkait dengan kewenangan konstitusionalnya. Tujuh RUU usul inisiatif DPD, enam Pandangan Pendapat tentang RUU, empat Pertimbangan terhadap RUU, dan sepuluh hasil pengawasan atas pelaksanaan Undang-Undang sesuai dengan bidang tugas DPD. Saya mengapresiasi respons cepat DPD dalam menyikapi tantangan mendesak yang dihadapi oleh  daerah, seperti tantangan kedaulatan pangan, penataan hak ulayat dan masyarakat hukum adat, pemanfaatan energi terbarukan, dan pengembangan UMKM. Dalam melaksanakan fungsi anggaran, DPD memberikan masukan kepada pemerintah terkait dengan skema DAU, DAK, dan DBH agar desentralisasi fiskal memberikan rasa adil dan menjadi solusi mendasar bagi persoalan yang dihadapi oleh daerah. Dalam konteks fungsi representasi, DPD aktif melakukan pengawasan pelaksanaan Pemilu Kada dan Pemilu 2019. DPD juga menerima aspirasi masyarakat dan daerah berkaitan dengan implementasi UU tentang Desa. Kita berharap DPD bersama Pemerintah terus bergerak membangun Indonesia dari pinggiran, dari daerah dan dari desa. Dukungan DPD untuk memajukan daerah harus terus dilanjutkan. Perda-Perda yang formalitas, berbelit-belit, dan menghambat masyarakat serta pelaku usaha harus dipangkas. Tata kelola pemerintahan dan keuangan daerah harus ditingkatkan. Saudara-saudara se-Bangsa dan se-Tanah Air,Tata kelola pemerintahan yang baik mutlak diperlukan.Tata kelola keuangan negara yang akuntabel harus diwujudkan.Tata kelola yang transparan harus dikembangkan. Tata kelola yang efektif dan efisien, yang gesit, lincah, dan cekatan menghadapi perubahan harus terus diupayakan. Sebagai lembaga negara yang memeriksa pengelolaan dan pertanggung jawab keuangan negara, peranan BPK sangatlah penting. BPK mengemban tugas memastikan APBN dapat dipertanggungjawabkan. Serta memastikan setiap rupiah dalam APBN digunakan sebesar-besarnya untuk kepentingan rakyat. Alhamdulillah, laporan keuangan pemerintah pusat 2016-2018 memperoleh opini Wajar Tanpa Pengecualian atau WTP. Pemerintah Daerah juga mencatat prestasi. Pemda dengan WTP berhasil ditingkatkan dari 47% di tahun 2014 menjadi 78% di tahun 2018. BPK juga telah memeriksa kinerja dan kepatuhan pemerintah dan badan-badan lainnya, serta berhasil mengembalikan kas dan aset negara sebesar Rp4,38 triliun. BPK juga telah melaksanakan pemeriksaan kesiapan implementasi Tujuan Pembangunan Berkelanjutan di Indonesia. Selain itu, BPK terus mendukung pencegahan dan pemberantasan tindak pidana korupsi. Satu komitmen yang perlu kita dukung bersama. Saya menghargai upaya BPK untuk aktif membangun reputasi bangsa di dunia internasional. BPK dipercaya sebagai pemeriksa eksternal pada International Atomic Energy Agency sejak 2016 sampai 2021. Pemeriksa BPK juga terpilih menjadi eksternal independen pada International Anti-Corruption Academy periode 2019 hingga 2021. BPK juga menjadi United Nations Panel of External Auditors dan terlibat aktif di organisasi pemeriksa se-ASEAN, se-Asia, dan se-dunia. Saudara-saudara se-Bangsa dan se-Tanah Air,Dalam pembangunan hukum, Mahkamah Agung terus melanjutkan inovasi. Saya mengapresiasi upaya MA dalam mewujudkan asas peradilan yang sederhana, yang cepat, dan yang berbiaya ringan. Saya mendukung upaya MA untuk mempermudah rakyat dalam mencari keadilan. Saya mendukung upaya MA untuk membangun budaya sadar dan budaya taat hukum agar makin mengakar. Kini, sistem peradilan berbasis elektronik sudah diterapkan di semua lingkungan lembaga peradilan. Para pencari keadilan sekarang secara online makin mudah mendaftarkan perkara dan melakukan pembayaran. Proses pemanggilan dan pemberitahuan sidang, serta penyampaian putusan peradilan juga dilakukan secara online. Bahkan, saat ini MA sudah melangkah lebih jauh lagi dengan mengembangkan e-court menuju e-litigasi. Semua langkah inovasi ini harus kita apresiasi. Perluasan akses bagi para pencari keadilan juga dilakukan oleh MA.  Hingga akhir tahun 2018 lalu, MA telah meresmikan sebanyak 85 pengadilan baru di berbagai pelosok tanah air. Ada tambahan 30 Pengadilan Negeri, 50 Pengadilan Agama, tiga Mahkamah Syariah, dan dua Pengadilan Tata Usaha Negara. Dari berbagai langkah tersebut, MA berhasil mengurangi jumlah tunggakan perkara menjadi 906 perkara pada tahun 2018. Jumlah terendah sepanjang sejarah berdirinya MA. MA juga terus berbenah dengan melakukan beberapa langkah perbaikan, seperti pembaharuan dalam tata cara penyelesaian gugatan sederhana dan pembaharuan di bidang manajemen perkara. Seiring dengan langkah inovasi kelembagaan MA, Mahkamah Konstitusi juga terus bekerja memperkokoh dan memperteguh konstitusionalisme di negara kita. Saya mendukung upaya MK untuk mengembangkan tata kelola lembaga peradilan yang modern dan transparan, dengan memberikan kemudahan akses bagi pencari keadilan di MK. Kini, para pencari keadilan dapat berperkara sekaligus memantau proses peradilan di MK, melalui berbagai aplikasi dan layanan modern berbasis teknologi informasi dan komunikasi. Sebagai penjaga konstitusi, selama setahun ini MK telah menguji 85 perkara dan memutus 52 perkara pengujian UU. Putusan-putusan MK tersebut turut mendukung upaya pemerintah dalam reformasi sistem perundang-undangan dan penataan proses legislasi. Selain itu, MK telah memberikan kontribusi pada penguatan demokrasi konstitusional. Saya mengapresiasi MK yang telah menyelesaikan sengketa perselisihan hasil Pilkada 2018, Pemilu Legislatif, dan Pemilu Presiden 2019, dalam koridor konstitusi secara damai, adil, dan bermartabat. MK juga telah menghadirkan proses peradilan yang terbuka dengan tetap berpegang teguh pada prinsip-prinsip independensi dan imparsialitas. Sementara itu, Komisi Yudisial terus berupaya memajukan akuntabilitas dalam pengelolaan peradilan. KY telah menjalankan fungsi pre-emtif dengan mengusulkan pengangkatan empat orang calon hakim agung. KY telah menjalankan fungsi preventifnya dengan menyelenggarakan pelatihan pemantapan kode etik penyempurnaan pedoman perilaku bagi 412 hakim, serta pemantauan 93 perkara persidangan yang menjadi perhatian publik. KY juga telah menjalankan fungsi represifnya, dengan merekomendasikan kepada MA untuk menjatuhkan sanksi ringan hingga berat kepada 55 hakim. Sidang Majelis yang saya muliakan,Segala pencapaian dari Lembaga-Lembaga Negara tersebut adalah modal kita bersama untuk menghadapi tantangan masa depan. Kita tidak boleh cepat berpuas diri. Kita perlu saling mengingatkan dan saling membantu. Kita tidak boleh alergi terhadap kritik. Bagaimanapun kerasnya kritik itu, harus diterima sebagai wujud kepedulian, agar kita bekerja lebih keras lagi memenuhi harapan-harapan rakyat. Tentu dalam negara demokrasi, perbedaan antar-individu, perbedaan antar-kelompok, atau bahkan antar-lembaga negara adalah sebuah keniscayaan. Akan tetapi, perbedaan bukanlah alasan bagi kita untuk saling membenci, bukan alasan bagi kita untuk saling menghancurkan, atau bahkan saling meniadakan. Jika perbedaan itu kita kelola dalam satu visi besar yang sama, maka akan menjadi kekuatan yang dinamis. Kekuatan untuk mencapai Indonesia Maju. Saya mengajak semua Lembaga-Lembaga Negara untuk membangun sinergi yang kuat guna menyelesaikan tugas sejarah kita. Mendukung lompatan-lompatan kemajuan untuk mengentaskan kemiskinan, menekan ketimpangan, dan membuka lapangan kerja sebanyak-banyaknya. Bergandengan tangan menghadapi ancaman intoleransi, radikalisme, dan terorisme. Serta ikut melahirkan lebih banyak lagi SDM-SDM unggul yang membawa kemajuan bangsa. Saudara-saudara se-Bangsa dan se-Tanah Air, dari Sabang sampai Merauke, dari Miangas sampai Pulau Rote;Esok hari, kita merayakan 74 tahun Indonesia merdeka. Kita patut bersyukur, di tengah berbagai tantangan dan terpaan badai sejarah, Indonesia sebagai rumah besar kita bersama tetap berdiri kokoh. Indonesia berdiri kokoh karena kita memiliki fondasi yang sangat kuat, Pancasila. Pancasila adalah dasar negara, bintang penjuru, sekaligus pemersatu kita semuanya. Di rumah Pancasila ini, kita hidup rukun tanpa dibeda-bedakan latar belakang agama, asal usul suku, perbedaan ras, maupun golongan. Rumah besar Indonesia adalah tempat yang nyaman untuk semuanya. Ruang hidup bagi seluruh anak bangsa, dari Sabang sampai Merauke, dari Miangas sampai Pulau Rote. Dalam rumah besar ini, semua anak bangsa bisa berkarya, bisa bergerak, bisa berjuang untuk mewujudkan mimpi dan cita-cita kita bersama. Perbedaan juga bukanlah penghalang bagi kita untuk bersatu. Dalam persatuan itulah, kita menemukan energi yang mahadahsyat, untuk menggerakkan seluruh tenaga, seluruh pikiran, dan tetesan keringat untuk kemajuan Indonesia. Dalam persatuan itulah, kita menemukan solidaritas, kepedulian, dan semangat berbagi antarsesama anak bangsa. Saya yakin, seyakin-yakinnya, persatuan Indonesia akan selalu sentosa. Seperti kiambang-kiambang yang bertaut kembali, setelah biduk pembelah berlalu. Saya yakin, seyakin-yakinnya, dengan berpegang teguh pada semangat persatuan Indonesia, rumah besar kita tidak akan runtuh, tidak akan ambruk, tidak akan punah, tetapi justru berdiri tegak. Bukan hanya untuk 100 tahun, 500 tahun, tapi insya Allah untuk selama-lamanya. Dirgahayu Republik Indonesia!Dirgahayu Negeri Pancasila!Merdeka! Terima kasih.Wassalamu’alaikum Warahmatullahi Wabarakatuh,Om Shanti Shanti Shanti Om,Namo Buddhaya. Jakarta, 16 Agustus 2019 PRESIDEN REPUBLIK INDONESIA JOKO WIDODO  "
"2",2020,"joko widodo","Naskah lengkap pidato kenegaraan sesuai kata per kata pengucapan Presiden Joko Widodo (Jokowi) di depan Sidang Tahunan MPR, DPR, dan DPD, Jumat (14/8/2020) pagi. Dalam rekaman tayangan live Kompas TV berikut ini, pidato Presiden Joko Widodo dapat dilihat mulai pada menit 1:26:33. PIDATO PRESIDEN REPUBLIK INDONESIA PADA SIDANG TAHUNANMAJELIS PERMUSYAWARATAN RAKYAT REPUBLIK INDONESIADANSIDANG BERSAMA DEWAN PERWAKILAN RAKYAT REPUBLIK INDONESIADAN DEWAN PERWAKILAN DAERAH REPUBLIK INDONESIADALAM RANGKA HUT KE-75 PROKLAMASI KEMERDEKAAN REPUBLIK INDONESIA    Bismillahirrahmanirrahim,Assalamu'alaikum Warahmatullahi Wabarakatuh,Selamat Pagi, Salam Sejahtera bagi kita semua, Om Swastyastu,Namo Buddhaya, Salam Kebajikan. Yang saya hormati, Wakil Presiden Republik Indonesia, Bapak Profesor KH Ma'ruf Amin beserta Ibu Wury Estu Ma'ruf Amin;Yang saya hormati, Ketua, para Wakil Ketua, dan para  Anggota MPR Republik Indonesia;Yang saya hormati, Ketua, para Wakil Ketua, dan para  Anggota DPR Republik Indonesia;Yang saya hormati, Ketua, para Wakil Ketua, dan para  Anggota DPD Republik Indonesia;Yang saya hormati, Ketua, para Wakil Ketua, dan para Anggota Lembaga-Lembaga Negara;Yang saya hormati, Ibu Hajah Megawati Soekarnoputri, Presiden Republik Indonesia Kelima;Yang saya hormati, Bapak Susilo Bambang Yudhoyono, Presiden Republik Indonesia Keenam, yang hadir secara virtual;Yang saya hormati Bapak Try Sutrisno dan Bapak Hamzah Haz;Yang saya hormati Bapak Muhammad Jusuf Kalla beserta Ibu Mufidah Jusuf Kalla;Yang saya hormati Bapak Boediono beserta Ibu Herawati Boediono;Yang saya hormati Ibu Hajah Shinta Nuriyah Abdurrahman Wahid;Yang saya hormati, Yang Mulia para Duta Besar Negara-Negara Sahabat dan para Pimpinan Perwakilan Badan dan Organisasi Internasional;Yang saya hormati para menteri Kabinet Kerja serta Panglima TNI dan Kapolri;Yang saya hormati, para Ketua Umum Partai Politik, Yang saya hormati hadirin, saudara-saudara se-Bangsa dan se-Tanah Air, Semestinya, seluruh kursi di Ruang Sidang ini terisi penuh, tanpa ada satu kursi pun yang kosong. Semestinya, sejak dua minggu yang lalu, berbagai lomba dan kerumunan penuh kegembiraan, karnaval-karnaval perayaan peringatan hari kemerdekaan diadakan, menyelimuti suasana bulan kemerdekaan ke-75 tahun Indonesia merdeka.  Namun, semua yang sudah kita rencanakan tersebut harus berubah total. Semua ini tidak boleh mengurangi rasa syukur kita dalam memperingati 75 tahun Indonesia Merdeka. Saudara-saudara se-Bangsa dan se-Tanah Air, Sebanyak 215 negara, tanpa terkecuali, sedang menghadapi masa sulit di tengah pandemi Covid-19. Dalam  catatan  WHO, sampai dengan tanggal 13 Agustus kemarin, terdapat lebih dari 20,4 juta kasus di seluruh dunia, dengan jumlah kematian di dunia sebanyak 744.000 jiwa. Semua negara, negara miskin, negara berkembang, termasuk negara-negara maju, semuanya sedang mengalami kemunduran karena terpapar Covid-19. Krisis perekonomian dunia juga terparah dalam sejarah. Di kuartal pertama 2020, pertumbuhan ekonomi negara kita masih plus 2,97 persen, tapi di kuartal kedua kita minus 5,32 persen. Ekonomi negara-negara maju bahkan minus belasan persen, sampai minus 17-20 persen. Kemunduran banyak negara besar ini bisa menjadi peluang dan momentum bagi kita untuk mengejar ketertinggalan. Ibarat komputer, perekonomian semua negara  saat ini sedang macet, sedang hang. Semua negara harus menjalani proses mati komputer sesaat, harus melakukan re-start, harus melakukan re-booting. Dan semua negara mempunyai kesempatan men-setting ulang semua sistemnya. Saya menyambut hangat seruan moral penuh kearifan dari para ulama, para pemuka agama, dan tokoh-tokoh budaya agar menjadikan momentum musibah pandemi ini sebagai sebuah kebangkitan baru; sekali lagi, kebangkitan baru; untuk melakukan sebuah lompatan besar. Inilah saatnya kita membenahi diri secara fundamental, melakukan transformasi besar, menjalankan strategi besar. Strategi besar di bidang ekonomi, hukum, pemerintahan, sosial, kebudayaan, termasuk kesehatan dan pendidikan. Saatnya kita bajak momentum krisis ini untuk melakukan lompatan-lompatan besar. Pada usia ke-75 tahun ini, kita telah menjadi negara upper middle income country. Dan, 25 tahun lagi, pada usia seabad Republik Indonesia, kita harus mencapai kemajuan yang besar, menjadikan Indonesia negara maju. Saudara-saudara se-Bangsa dan se-Tanah Air, Kita harus melakukan reformasi fundamental dalam cara kita bekerja. Kesiap-siagaan dan kecepatan kita diuji. Kita harus mengevakuasi Warga Negara Indonesia dari wilayah pandemi Covid-19 di Tiongkok. Kita harus menyiapkan rumah sakit, rumah isolasi, obat- obatan, alat kesehatan, dan mendisiplinkan protokol kesehatan. Semuanya harus dilakukan secara cepat, dalam waktu yang sangat singkat. Ketika krisis kesehatan tersebut berdampak pada perekonomian nasional, kita juga harus cepat bergerak: memberikan bantuan sosial bagi masyarakat melalui bantuan sembako, bansos tunai, subsidi dan diskon tarif listrik, BLT Desa, dan subsidi gaji; membantu UMKM untuk memperoleh restrukturisasi kredit, memperoleh banpres produktif berupa bantuan modal darurat, dan membantu pembelian produk-produk mereka; membantu tenaga kerja yang menjadi korban PHK, antara lain melalui bantuan sosial dan Program Kartu Prakerja. Sesuatu yang tidak mudah. Sesuatu yang tidak mudah. Untuk itu semua, pemerintah cepat melakukan perubahan rumusan program; menyesuaikan program kerja dengan situasi terkini; melakukan realokasi anggaran dalam waktu singkat; menerbitkan Perppu Nomor 1 Tahun 2020, yang kemudian disetujui oleh DPR menjadi UU Nomor 2 Tahun 2020—terima kasih para anggota DPR atas kerja cepatnya—; mensinergikan BI, OJK, dan LPS, dalam rangka juga untuk memulihkan perekonomian nasional. Krisis ini telah memaksa kita untuk menggeser channel cara kerja kita. Dari cara-cara normal menjadi cara-cara ekstra-normal. Dari cara-cara kerja biasa menjadi cara-cara kerja luar biasa. Dari prosedur panjang dan berbelit menjadi smart shortcut. Dari orientasi prosedur menjadi orientasi hasil. Pola pikir dan etos kerja kita juga harus berubah. Fleksibilitas, kecepatan, ketepatan sangat dibutuhkan. Efisiensi, kolaborasi, dan penggunaan teknologi harus diprioritaskan. Kedisiplinan nasional dan produktivitas nasional juga harus ditingkatkan. Jangan sia-siakan pelajaran yang diberikan oleh krisis. Jangan biarkan krisis membuahkan kemunduran. Justru, momentum krisis ini harus kita bajak untuk melakukan lompatan kemajuan. Saudara-saudara se-Bangsa dan se-Tanah Air,  Perjuangan untuk menghambat penyebaran Covid-19, mengobati yang  sakit, dan  mencegah kematian sudah luar biasa kita lakukan. Atas nama rakyat, bangsa dan negara, saya menyampaikan terima kasih dan penghargaan setinggi-tingginya kepada para dokter, perawat, serta seluruh  petugas  di  rumah  sakit,  di laboratorium, di klinik-klinik kesehatan, dan di rumah isolasi, kepada tokoh masyarakat, para relawan, awak media, aparat TNI dan Polri,  para  ASN di pusat dan di daerah. Dengan peristiwa pandemi ini, maka reformasi fundamental di sektor kesehatan juga harus kita percepat. Orientasi pada pencegahan penyakit dan pola hidup sehat harus diutamakan. Penguatan kapasitas SDM, pengembangan rumah sakit dan balai kesehatan serta industri obat dan alat kesehatan, harus diprioritaskan. Ketahanan dan kapasitas pelayanan kesehatan harus kita tingkatkan secara besar-besaran. Demikian pula halnya dengan ketahanan pangan, dengan menjamin kelancaran rantai pasokan makanan dari hulu produksi sampai hilir distribusi, ke seluruh wilayah negeri. Efisiensi produksi pangan, peningkatan nilai tambah bagi petani, penguatan koperasi, dan metode korporasi petani akan terus ditingkatkan. Food estate, lumbung pangan, sedang dibangun untuk memperkuat cadangan pangan nasional. Bukan hanya di hulu, tetapi juga bergerak di hilir produk pangan industri. Bukan lagi menggunakan cara-cara manual, tetapi menggunakan teknologi modern dan pemanfaatan kecanggihan digital. Bukan hanya untuk pasar domestik, tetapi juga untuk pasar internasional. Saat ini sedang dikembangkan food estate di Provinsi Kalimantan Tengah dan Provinsi Sumatera Utara, dan akan dilakukan kemudian di beberapa daerah lain, yang merupakan sinergi antara pemerintah, pelaku swasta, dan masyarakat sebagai pemilik lahan maupun sebagai tenaga kerja. Saudara-saudara se-Bangsa dan se-Tanah Air, Upaya besar juga telah dan sedang dilakukan dalam membangun kemandirian energi. Tahun 2019, kita sudah berhasil memproduksi dan menggunakan B20. Dan, tahun ini kita mulai dengan B30, sehingga kita mampu menekan nilai impor minyak kita di tahun 2019. Pertamina bekerja sama dengan para peneliti telah berhasil menciptakan katalis untuk pembuatan D100, yaitu bahan bakar diesel yang 100 persen dibuat dari minyak kelapa sawit, yang sedang uji produksi di dua kilang minyak kita. Ini akan menyerap minimal satu juta ton sawit produksi petani untuk kapasitas produksi 20.000 barrel per hari. Hilirisasi bahan mentah yang lain juga terus dilakukan secara besar-besaran. Batu bara diolah menjadi methanol dan gas. Beberapa kilang dibangun untuk mengolah minyak mentah menjadi minyak jadi, dan sekaligus menjadi penggerak industri petrokimia yang memasok produk industri hilir bernilai tambah tinggi. Biji nikel telah bisa diolah menjadi ferro nikel, stainless steel slab, lembaran baja, dan dikembangkan menjadi bahan utama untuk baterai lithium. Hal ini  akan memperbaiki defisit transaksi berjalan kita, meningkatkan peluang kerja, dan mulai mengurangi dominasi energi fosil. Hal ini akan membuat posisi Indonesia menjadi sangat strategis dalam pengembangan baterai lithium, mobil listrik dunia,  dan produsen teknologi di masa depan. Prinsip yang sama juga kita gunakan dalam membangun kawasan-kawasan industri lainnya, termasuk pembangunan super koridor ekonomi pantai utara Jawa. Kawasan Industri Batang serta Subang- Majalengka sedang dikembangkan dalam waktu singkat, dirancang untuk mampu mengundang investasi berkualitas, yang bersinergi dengan UMKM kita, yang memberikan nilai tambah signifikan untuk perekonomian nasional, serta menyerap tenaga kerja dalam jumlah besar. Kawasan industri serupa juga akan dibangun di berbagai daerah di seluruh Indonesia, yang selalu bersinergi dengan kewirausahaan masyarakat dan UMKM, untuk menyediakan kesempatan kerja bagi generasi muda yang belum bekerja, dan meningkatkan pemerataan pembangunan  di  seluruh  pelosok negeri. Oleh karena itu, ekosistem nasional yang kondusif bagi perluasan kesempatan kerja yang berkualitas harus kita bangun. Penataan regulasi harus kita lakukan. Regulasi yang tumpang tindih, yang merumitkan, yang menjebak semua pihak dalam risiko, harus kita sudahi. Semua ini kita dedikasikan untuk perekonomian nasional yang adil, untuk kepentingan yang sudah bekerja, untuk kepentingan yang sedang mencari kerja, untuk mengentaskan kemiskinan dengan menyediakan kesempatan kerja yang berkualitas seluas-luasnya. Kita ingin semua harus bekerja. Kita ingin semua sejahtera. Saudara-saudara se-Bangsa dan se-Tanah Air, Ekosistem nasional yang produktif dan inovatif tidak mungkin tumbuh tanpa ekosistem hukum, politik, kebudayaan, dan pendidikan yang kondusif. Fleksibilitas yang tinggi dan birokrasi yang sederhana tidak bisa dipertukarkan dengan kepastian hukum, antikorupsi, dan demokrasi. Semua kebijakan harus mengedepankan ramah lingkungan dan perlindungan HAM. Kecepatan dan ketepatan tidak bisa dipertukarkan dengan kecerobohan dan kesewenang-wenangan. Pemerintah tidak pernah main-main dengan upaya pemberantasan korupsi. Upaya pencegahan harus ditingkatkan melalui tata kelola yang sederhana, transparan, dan efisien. Hukum harus ditegakkan tanpa pandang bulu. Penegakan nilai-nilai demokrasi juga tidak bisa ditawar. Demokrasi harus tetap berjalan dengan baik, tanpa mengganggu kecepatan kerja dan kepastian hukum, serta budaya adiluhung bangsa Indonesia. Agenda Pilkada 2020 harus tetap berjalan dengan disiplin tinggi dalam menjalankan protokol kesehatan.  Nilai-nilai luhur Pancasila, Negara Kesatuan Republik Indonesia, persatuan dan kesatuan nasional, tidak bisa dipertukarkan dengan apa pun juga. Kita tidak bisa memberikan ruang sedikit pun kepada siapa pun yang menggoyahkannya. Sistem pendidikan nasional harus mengedepankan nilai-nilai Ketuhanan yang berkarakter kuat dan berakhlak mulia serta unggul dalam inovasi dan teknologi. Saya ingin semua platform teknologi harus mendukung transformasi kemajuan bangsa. Peran media-digital yang saat ini sangat besar harus diarahkan untuk membangun nilai-nilai kemanusiaan dan kebangsaan. Semestinya, perilaku media tidak dikendalikan untuk mendulang click dan menumpuk jumlah like, tapi seharusnya didorong untuk menumpuk kontribusi bagi kemanusiaan dan kepentingan bangsa. Ideologi dan nilai-nilai luhur bangsa tidak boleh dipertukarkan dengan kemajuan ekonomi. Bahkan, kemajuan ekonomi jelas membutuhkan semangat kebangsaan yang kuat. Kita harus bangga terhadap produk Indonesia. Kita harus membeli produk dalam negeri. Kemajuan Indonesia harus berakar kuat pada ideologi Pancasila dan budaya bangsa. Saudara-saudara se-Bangsa dan se-Tanah Air, hadirin sekalian yang berbahagia, Tujuan besar tersebut hanya bisa dicapai melalui kerja sama seluruh komponen bangsa dengan gotong royong, saling membantu, dan saling mengingatkan dalam kebaikan dan tujuan yang mulia. Demokrasi memang menjamin kebebasan, namun kebebasan yang menghargai hak orang lain. Jangan ada yang merasa paling benar sendiri, dan yang lain dipersalahkan. Jangan ada yang merasa paling agamis sendiri. Jangan ada yang merasa paling Pancasilais sendiri. Semua yang merasa paling benar dan memaksakan kehendak, itu hal yang biasanya tidak benar. Kita beruntung bahwa mayoritas rakyat Indonesia, dari Sabang sampai Merauke, dari Miangas sampai Pulau Rote, menjunjung tinggi kebersamaan dan persatuan, penuh toleransi dan saling peduli, sehingga masa-masa sulit sekarang ini bisa kita tangani secara baik. Kita beruntung dan berterima kasih atas dukungan dan kerja cepat dari pimpinan dan anggota lembaga- lembaga negara yang melakukan langkah-langkah extra- ordinary dalam mendukung penanganan krisis dan membajak momentum krisis untuk menjalankan strategi-strategi besar bangsa. MPR dengan cepat membuat payung program baru ""MPR Peduli Covid-19"" serta terus melakukan sosialisasi dan aktualisasi Pancasila serta pengkajian sistem ketatanegaraan dan konstitusi kita. Dengan sangat cepat, sangat responsif, DPR langsung membahas dan kemudian menyetujui dan mengesahkan Perppu Nomor 1 Tahun 2020 menjadi Undang-Undang untuk memberikan payung hukum dalam mengatasi krisis kesehatan dan perekonomian; Perppu Nomor 2 Tahun 2020 menjadi Undang-Undang untuk melandasi penundaan pemungutan suara Pemilihan Kepala Daerah. Agenda-agenda legislasi yang lain juga tetap berjalan efektif, antara lain Pembahasan RUU Pertambangan Mineral dan Batu Bara serta RUU Kebijakan Keuangan Negara dan Stabilitas Sistem Keuangan untuk Penanganan Pandemi Covid-19. Respons cepat juga dilakukan oleh DPD terhadap permasalahan mendesak yang dihadapi oleh daerah, mulai dari pemberdayaan ekonomi rakyat melalui BUMDes, peningkatan daya saing daerah, dan dukungan penerapan protokol kesehatan dengan menyiapkan 9 RUU usul inisiatif DPD dan beberapa agenda lain sesuai bidang tugas DPD. Saudara-saudara se-Bangsa dan se-Tanah Air, Di tengah berbagai kesulitan teknis selama pandemi, BPK secara cepat dan cermat telah memeriksa dan menyampaikan 1.180 laporan hasil pemeriksaan 2019, memberikan 36.000 rekomendasi kepada pemerintah, dan  memerintahkan  penyetoran ke kas negara senilai Rp 1,39 triliun. Tugas internal yang berat tersebut tidak mengganggu agenda BPK untuk melanjutkan perannya sebagai pemeriksa eksternal pada badan-badan internasional, serta keanggotaannya pada Independent Audit Advisory Committee di bawah PBB. Demikian pula halnya dengan Mahkamah Agung yang menjamin kecepatan pelayanan persidangan di era pandemi. Penyediaan layanan persidangan virtual dengan menggunakan aplikasi e-court dan e-litigasi telah mempercepat persidangan di luar persidangan terbuka dan tatap muka, guna terus memperluas akses bagi para pencari keadilan. MA terus menambah layanan pos bantuan hukum dan memodernisasi manajemen perkara melalui layanan pengadilan elektronik. Hal ini membuat MA berhasil memangkas tunggakan sisa perkara secara signifikan. Keberhasilan MA tersebut juga berkat dukungan dari Komisi Yudisial sesuai dengan kewenangannya. Pengusulan calon Hakim Agung, calon hakim ad hoc Tipikor, dan calon hakim ad hoc Hubungan Industrial tetap berjalan lancar. Demikian pula halnya dengan pelaksanaan program peningkatan kapasitas hakim, pemantauan persidangan, investigasi, dan advokasi hakim. Sepanjang tahun 2019 hingga Juni 2020, KY telah menangani 1.584 laporan masyarakat dan merekomendasikan 225 penjatuhan sanksi. Kecepatan dan kecermatan Mahkamah Konstitusi juga sangat patut untuk kita apresiasi. MK juga terus memperbaiki tata kelola dan meningkatkan pemanfaatan layanan elektronik guna melayani masyarakat dalam mencari keadilan. MK telah berhasil mempercepat jangka waktu penyelesaian perkara pengujian undang-undang dari waktu penyelesaian 101 hari kerja per perkara di 2017 menjadi rata-rata 59 hari kerja per perkara. Sepanjang tahun 2019 hingga awal 2020, MK telah menyelesaikan 122 perkara pengujian undang-undang. Pada saat yang sama, perluasan kerja sama di dalam maupun di luar negeri terus ditingkatkan. MK aktif menginisiasi dan mengkoordinasi berbagai kegiatan di tingkat regional maupun di tingkat global agar sistem hukum kita dijadikan rujukan bagi negara-negara demokrasi di berbagai penjuru dunia. Saudara-saudara se-Bangsa dan se-Tanah Air, Masih banyak langkah-langkah besar yang harus kita lakukan. Masih tersedia waktu 25 tahun lagi bagi kita untuk menyiapkan seabad Indonesia merdeka, untuk membangun Indonesia yang kita cita-citakan. Target kita saat ini bukan hanya lepas dari pandemi, bukan hanya keluar dari krisis. Langkah kita adalah melakukan lompatan besar memanfaatkan momentum krisis yang saat ini sedang terjadi. Krisis memberikan momentum bagi kita untuk mengejar ketertinggalan, untuk melakukan lompatan transformasi besar, dengan melaksanakan strategi besar. Mari kita pecahkan masalah fundamental yang kita hadapi. Kita lakukan lompatan besar untuk kemajuan yang signifikan. Kita harus bajak momentum krisis ini. Kita harus serentak dan serempak memanfaatkan momentum ini. Menjadikan Indonesia setara dengan negara-negara maju. Menjadikan Indonesia maju yang kita cita- citakan. Dirgahayu Republik Indonesia! Dirgahayu Negeri Pancasila! Merdeka! Terima kasih, Wassalamu'alaikum Warahmatullahi Wabarakatuh,Om Shanti Shanti Shanti Om,Namo Buddhaya, Salam kebajikan.   "
"3",2021,"joko widodo","Bismillahirrahmanirrahim,
Assalamu’alaikum Warahmatullahi Wabarakatuh. Selamat pagi,
Salam sejahtera bagi kita semua,Om Swastiastu,Namo Buddhaya,Salam Kebajikan. Yang saya hormati, Wakil Presiden Republik Indonesia, Bapak Profesor KH Ma’ruf Amin;
Yang saya hormati, Ketua, para Wakil Ketua, dan para Anggota MPR Republik Indonesia;
Yang saya hormati, Ketua, para Wakil Ketua, dan para Anggota DPR Republik Indonesia;
Yang saya hormati, Ketua, para Wakil Ketua, dan para Anggota DPD Republik Indonesia;
Yang saya hormati, Ketua, para Wakil Ketua, dan para Anggota Lembaga-Lembaga Negara;
Yang saya hormati, Ibu Hajah Megawati Soekarnoputri, Presiden Republik Indonesia Kelima;
Yang saya hormati, Bapak Susilo Bambang Yudhoyono, Presiden Republik Indonesia Keenam;
Yang saya hormati Bapak Try Sutrisno dan Bapak Hamzah Haz;
Yang saya hormati Bapak Muhammad Jusuf Kalla beserta Ibu Mufidah Jusuf Kalla;
Yang saya hormati Bapak Boediono beserta Ibu Herawati Boediono;
Yang saya hormati, Yang Mulia para Duta Besar Negara-Negara Sahabat dan para Pimpinan Perwakilan Badan dan Organisasi Internasional;
Yang saya hormati para Menteri Kabinet Indonesia Maju serta Panglima TNI dan Kapolri;
Yang saya hormati, para Ketua Umum Partai-partai Politik;
Yang saya hormati hadirin, Saudara-Saudara se-Bangsa dan se-Tanah Air. Krisis, resesi, dan pandemi itu seperti api. Kalau bisa, kita hindari, tetapi, jika hal itu tetap terjadi, banyak hal yang bisa kita pelajari. Api memang membakar, tetapi juga sekaligus menerangi. Kalau terkendali, dia menginspirasi dan memotivasi. Dia menyakitkan, tetapi sekaligus juga bisa menguatkan. Kita ingin pandemi ini menerangi kita untuk mawas diri, memperbaiki diri, dan menguatkan diri, dalam menghadapi tantangan masa depan. Pandemi ini seperti kawah candradimuka yang menguji, yang mengajarkan, dan sekaligus mengasah. Pandemi memberikan beban yang berat kepada kita, beban yang penuh dengan risiko-risiko, dan memaksa kita untuk menghadapi dan mengelolanya. Semua pilar kehidupan kita diuji, semua pilar kekuatan kita diasah. Ketabahan, kesabaran, ketahanan, kebersamaan, kepandaian, dan kecepatan kita, semuanya diuji dan sekaligus diasah. Ujian dan asahan menjadi dua sisi mata uang yang tidak terpisahkan. Bukan hanya beban yang diberikan kepada kita, tetapi kesempatan untuk memperbaiki diri juga diajarkan kepada kita. Tatkala ujian itu terasa semakin berat, asahannya juga semakin meningkat. Itulah proses menjadi bangsa yang tahan banting, yang kokoh, dan yang mampu memenangkan gelombang pertandingan. Bapak, Ibu, dan Saudara-saudara se-Bangsa dan se-Tanah Air,Perjalanan sejarah bangsa Indonesia telah melalui etape-etape ujian yang berat. Alhamdulillah kita berhasil melampauinya. Kemerdekaan Republik Indonesia bukan diperoleh dari pemberian ataupun hadiah, tetapi kita rebut melalui perjuangan di semua medan. Perang rakyat, perang gerilya, dan diplomasi di semua lini dikerahkan, dan buahnya membuat Indonesia sebagai bangsa yang merdeka. Resesi dan krisis yang datang bertubi-tubi dalam perjalanan setelah Indonesia merdeka, juga berhasil kita lampaui. Setiap ujian memperkokoh fondasi sosial, fondasi politik, dan fondasi ekonomi bangsa Indonesia. Setiap etape memberikan pembelajaran dan sekaligus juga membawa perbaikan dalam kehidupan kita. Pandemi COVID-19 telah memacu kita untuk berubah, mengembangkan cara-cara baru, meninggalkan kebiasaan-kebiasaan lama yang tidak relevan, dan menerobos ketidakmungkinan. Kita dipaksa untuk membangun normalitas baru dan melakukan hal-hal yang dianggap tabu selama ini. Memakai masker, menjaga jarak, tidak bersalaman, dan tidak membuat keramaian, adalah kebiasaan baru yang dulu dianggap tabu. Bekerja dari rumah, belanja daring, pendidikan jarak jauh, serta rapat dan sidang secara daring, telah menjadi kebiasaan baru yang dulu kita lakukan dengan ragu-ragu. Di tengah dunia yang penuh disrupsi sekarang ini, karakter berani untuk berubah, berani untuk mengubah, dan berani untuk mengkreasi hal-hal baru, merupakan fondasi untuk membangun Indonesia Maju. Kita telah berusaha bermigrasi ke cara-cara baru di era Revolusi Industri 4.0 ini, agar bisa bekerja lebih efektif, lebih efisien, dan lebih produktif. Adanya pandemi COVID-19 sekarang ini, akselerasi inovasi semakin menyatu dalam keseharian kehidupan kita. Bapak, Ibu, dan Saudara-saudara yang saya hormati,Selama satu setengah tahun diterpa pandemi, telah terjadi penguatan yang signifikan dalam perilaku dan infrastruktur kesehatan kita, dan sekaligus penguatan kelembagaan nasional kita. Kesadaran, partisipasi, dan kegotongroyongan masyarakat menguat luar biasa. Kelembagaan pemerintahan lintas sektor dan lintas lembaga negara, serta antara pusat dan daerah sampai dengan desa, juga mengalami konsolidasi. Hal ini membuat kapasitas sektor kesehatan meningkat pesat dan semakin mampu menghadapi ketidakpastian yang tinggi dalam pandemi. Dari sisi masyarakat, kesadaran terhadap kesehatan semakin tinggi. Kebiasaan mencuci tangan, memakai masker, dan menjaga jarak, telah menjadi kesadaran baru. Gaya hidup sehat, menjaga kebersihan lingkungan, berolahraga, dan mengonsumsi makanan yang bernutrisi, terasa semakin membudaya. Hal ini merupakan modal besar untuk menuju masyarakat yang lebih sehat dan dalam pengembangan SDM yang berkualitas. Kesadaran dan antusiasme masyarakat untuk divaksin, memperoleh layanan kesehatan, memperoleh pengobatan, serta saling peduli juga semakin tinggi. Pandemi telah mengajarkan bahwa kesehatan adalah agenda bersama. Pandemi telah menguatkan institusi sosial di masyarakat, dan semakin memperkuat modal sosial kita. Jika ingin sehat, warga yang lain juga harus sehat. Jika ada seseorang yang tertular COVID-19, maka hal ini akan membawa risiko bagi yang lainnya. Penyakit adalah masalah bersama, dan menjadi sehat adalah agenda kita bersama. Kapasitas kelembagaan negara dalam merespons pandemi juga semakin terkonsolidasi dan bekerja semakin responsif. Kita tahu bahwa pandemi harus ditangani secara cepat dan terkonsolidasi, dengan merujuk kepada data, ilmu pengetahuan, dan teknologi. Kita juga paham bahwa praktik demokrasi, akuntabilitas, dan tata kelola yang baik harus dijunjung tinggi. Kerja sama antarlembaga, serta kepemimpinan yang responsif dan konsolidatif, menjadi kunci dalam menangani pandemi. Sejak awal pandemi, lembaga legislatif dan lembaga pemeriksa memberikan dukungan kepada pemerintah untuk cepat mengonsolidasikan kekuatan fiskal. TNI, Polri, dan birokrasi dari tingkat nasional sampai tingkat desa, terus bahu membahu dalam melakukan pendisiplinan protokol kesehatan, 3T, termasuk vaksinasi dan penyiapan fasilitas isolasi terpusat. Hampir semua Forkopimda bergerak terpadu dalam mengatasi permasalahan kesehatan dan perekonomian. Manajemen lapangan dalam testing, tracing, treatment serta vaksinasi, telah mengasah kepemimpinan di semua level pemerintahan. Saya yakin, kapasitas respons kita dalam menghadapi ketidakpastian di bidang kesehatan dan bidang-bidang lain juga semakin baik dan semakin kokoh. Penyediaan layanan kesehatan oleh pemerintah maupun swasta juga mengalami peningkatan yang menggembirakan. Layanan kesehatan di banyak daerah bertambah cukup signifikan, baik dalam hal penambahan kapasitas tempat tidur, maupun fasilitas pendukungnya. Yang sangat mengharukan dan membanggakan adalah kerja keras dan kerja penuh pengabdian dari para dokter, para perawat, dan tenaga kesehatan yang lainnya. Kemandirian industri obat, vaksin, dan alat-alat kesehatan masih menjadi kelemahan serius yang harus kita pecahkan. Tetapi, pandemi telah mempercepat pengembangan industri farmasi di dalam negeri, termasuk pengembangan vaksin merah-putih, dan juga oksigen untuk kesehatan. Ketersediaan dan keterjangkauan harga obat akan terus kita jamin, dan tidak ada toleransi sedikit pun terhadap siapa pun yang mempermainkan misi kemanusiaan dan kebangsaan ini. Selain itu, pemerintah bekerja keras mengerahkan semua sumber daya demi mengamankan pasokan kebutuhan vaksin nasional. Namun, pada saat yang sama, Indonesia juga terus memperjuangkan kesetaraan akses terhadap vaksin untuk semua bangsa. Sebab, perang melawan COVID-19 tidak akan berhasil jika ketidakadilan akses terhadap vaksin masih terjadi. Melalui diplomasi vaksin ini, kita telah menunjukkan kepada dunia, bahwa Indonesia berperan aktif untuk “ikut melaksanakan ketertiban dunia yang berdasarkan kemerdekaan, perdamaian abadi, dan keadilan sosial”. Bapak, Ibu, dan Saudara-saudara yang saya muliakan,Walaupun kita sangat berkonsentrasi dalam menangani permasalahan kesehatan, tetapi perhatian terhadap agenda-agenda besar menuju Indonesia Maju tidak berkurang sedikit pun. Pengembangan SDM berkualitas tetap menjadi prioritas. Penyelesaian pembangunan infrastruktur yang memurahkan logistik, untuk membangun dari pinggiran dan mempersatukan Indonesia, terus diupayakan. Reformasi struktural dalam rangka memperkuat pembangunan ekonomi yang inklusif dan berkelanjutan, tetap menjadi agenda utama. Pandemi telah mengajarkan kepada kita untuk mencari titik keseimbangan antara gas dan rem, keseimbangan antara kepentingan kesehatan dan perekonomian. Dalam mengambil keputusan, pemerintah harus terus merujuk kepada data, serta kepada ilmu pengetahuan dan teknologi terbaru. Pemerintah harus selalu tanggap terhadap perubahan keadaan, dari hari ke hari secara cermat. Tujuan dan arah kebijakan tetap dipegang secara konsisten, tetapi strategi dan manajemen lapangan harus dinamis menyesuaikan permasalahan dan tantangan. Pengetatan dan pelonggaran mobilitas masyarakat, misalnya, harus dilakukan paling lama setiap minggu, dengan merujuk kepada data-data terkini. Mungkin hal ini sering dibaca sebagai kebijakan yang berubah-ubah, atau sering dibaca sebagai kebijakan yang tidak konsisten. Justru itulah yang harus kita lakukan, untuk menemukan kombinasi terbaik antara kepentingan kesehatan dan kepentingan perekonomian masyarakat. Karena virusnya yang selalu berubah dan bermutasi, maka penanganannya pun juga harus berubah sesuai dengan tantangan yang dihadapi. Pengetatan mobilitas yang tidak bisa dihindari ini membuat pemerintah harus memberikan bantuan sosial yang lebih banyak dibanding pada situasi normal. Program Keluarga Harapan, Kartu Sembako, Diskon Listrik, Subsidi Gaji, Bantuan Produktif Usaha Mikro, Bantuan Sosial Tunai, BLT Dana Desa, dan Program Kartu Prakerja juga terus ditingkatkan. Subsidi Kuota Internet untuk daerah-daerah PPKM juga semaksimal mungkin diberikan kepada tenaga kependidikan, murid, mahasiswa, guru, dan dosen. Yang lebih utama dan merupakan solusi perekonomian yang berkelanjutan, pemerintah memastikan agar masyarakat bisa memperoleh pekerjaan yang layak dan mendongkrak perekonomian nasional. Pandemi memang telah banyak menghambat laju pertumbuhan ekonomi, tetapi pandemi tidak boleh menghambat proses reformasi struktural perekonomian kita. Struktur ekonomi kita yang selama ini lebih dari 55 persennya dikontribusikan oleh konsumsi rumah tangga, harus terus kita alihkan menjadi lebih produktif dengan mendorong hilirisasi, mendorong investasi, dan mendorong ekspor. Fokus pemerintah adalah menciptakan sebanyak mungkin lapangan kerja baru yang berkualitas. Implementasi Undang-Undang Cipta Kerja terus kita percepat. Minggu yang lalu pemerintah telah meluncurkan OSS, Online Single Submission, yang sangat mempermudah semua level dan jenis usaha, apalagi bagi jenis-jenis usaha yang berisiko rendah. Urusan perizinan, pengurusan insentif dan pajak bisa dilakukan jauh lebih cepat, lebih transparan, dan lebih mudah. Kesempatan ini harus dimanfaatkan oleh pelaku UMKM untuk mengembangkan usahanya. Pada periode Januari sampai Juni 2021, realisasi Investasi Indonesia, tidak termasuk sektor hulu migas dan jasa keuangan, sedikitnya Rp442,8 triliun, dengan rincian 51,5 persen di Luar Jawa, dan 48,5 persen di Jawa. Investasi ini menyerap lebih dari 620 ribu tenaga kerja Indonesia. Penambahan investasi di bulan-bulan ke depan ini kita harapkan bisa memenuhi target Rp900 triliun, serta menciptakan lapangan kerja baru dan menggerakkan perekonomian secara lebih signifikan. Perkembangan investasi harus menjadi bagian terintegrasi dengan pertumbuhan ekonomi yang inklusif dan berkeadilan. Peningkatan kelas pengusaha UMKM menjadi agenda utama. Berbagai kemudahan disiapkan untuk menumbuhkan UMKM, termasuk kemitraan strategis dengan perusahaan besar, agar cepat masuk dalam rantai pasok global. Hal ini diharapkan dapat meningkatkan daya saing produk UMKM, serta meningkatkan pemerataan dan kemandirian ekonomi masyarakat. Ekosistem investasi dan kolaborasi di dunia usaha ini juga dimaksudkan untuk memperkuat perkembangan ekonomi berbasis inovasi dan teknologi, khususnya ke arah Ekonomi Hijau (Green Economy) dan Ekonomi Biru (Blue Economy) yang berkelanjutan. Perkembangan sektor pangan terus kita upayakan untuk membangun kemandirian pangan. Transformasi menuju energi baru dan terbarukan, serta akselerasi ekonomi berbasis teknologi hijau, akan menjadi perubahan penting dalam perekonomian kita. Konsolidasi kekuatan riset nasional terus diupayakan, agar sejalan dengan agenda pembangunan nasional. Sinergi dunia pendidikan dengan industri dan pengembangan kewirausahaan terus dipercepat melalui Program Merdeka Belajar. Hal ini diharapkan mengakselerasi kualitas SDM nasional, dan sekaligus meningkatkan daya saing industri dan produk dalam negeri. Perluasan akses pasar bagi produk-produk dalam negeri menjadi perhatian serius pemerintah. Program “Bangga Buatan Indonesia” terus kita gencarkan, sembari meningkatkan daya saing produk lokal dalam kompetisi global. Pemerintah terus mendorong pengembangan ekosistem ekonomi digital untuk meningkatkan produktivitas masyarakat. Digitalisasi UMKM yang masuk ke aplikasi perdagangan elektronik dan lokapasar jumlahnya terus bertambah. Sampai Agustus tahun ini, sudah lebih dari 14 juta UMKM atau 22 persen dari total UMKM yang sudah bergabung dengan aplikasi perdagangan elektronik (e-commerce). Partisipasi dalam ekonomi digital ini sangat penting karena potensinya yang sangat besar dan mempermudah UMKM untuk masuk ke rantai pasok global. Tahun 2020, nilai transaksi perdagangan digital Indonesia mencapai lebih dari Rp253 triliun. Nilai ini diperkirakan akan meningkat menjadi Rp330,7 triliun di tahun 2021. Bapak, Ibu, dan Saudara-saudara se-Bangsa dan se-Tanah Air,Pandemi COVID-19 juga memberikan hikmah kepada bangsa Indonesia bahwa krisis menuntut konsolidasi kekuatan negara untuk melayani rakyat, meningkatkan kesejahteraan masyarakat, dan meraih Indonesia Maju yang kita cita-citakan. Dukungan semua pihak, utamanya Lembaga-lembaga Negara, menempati posisi sentral. Kerja cerdas dan sinergitas antar-lembaga negara menjadi salah satu kunci utama untuk bisa gesit merespons perubahan yang terjadi di masa mendatang. Keseimbangan dan saling kontrol antar-lembaga negara sangatlah penting dalam sistem ketatanegaraan kita. Tetapi, kerja sama, sinergi, serta kerelaan untuk berbagi beban dan tanggung jawab, justru lebih utama dalam menghadapi pandemi. Saya mengucapkan terima kasih yang sebesar-besarnya kepada Lembaga-lembaga Negara, juga kepada Bank Indonesia, Otoritas Jasa Keuangan, Lembaga Penjamin Simpanan, Komisi Pemberantasan Korupsi, dan Ombudsman Republik Indonesia, termasuk Komisi Pemilihan Umum, dan Badan Pengawas Pemilihan Umum, atas dukungannya yang konsisten dan produktif selama ini. Saya mengapresiasi para anggota MPR RI, dengan Program Empat Pilarnya, yang terus konsisten memperkokoh  ideologi Pancasila, UUD 1945, NKRI, dan Bhinneka Tunggal Ika. Agenda MPR untuk mengkaji substansi dan bentuk hukum Pokok-pokok Haluan Negara juga perlu diapresiasi untuk melandasi pembangunan Indonesia yang berkelanjutan lintas kepemimpinan. Menghadapi pandemi yang membutuhkan penanganan yang luar biasa, DPR RI bersama pemerintah juga telah bekerja keras dan bersinergi untuk membangun fondasi hukum bagi penanganan COVID-19. Selain penanganan masalah kesehatan, DPR bersama pemerintah berhasil menyelesaikan UU Cipta Kerja, yang merupakan omnibus law pertama di Indonesia, yang menjadi pilar utama reformasi struktural di negara kita. Selain itu, dengan berbagai macam inovasi, DPR terus melakukan penjaringan aspirasi masyarakat dan menjalankan pengawasan terhadap pelaksanaan program-program pemerintah. DPD RI juga terlibat aktif dalam pembahasan Rancangan Undang-Undang, termasuk terkait dengan kebijakan anggaran, serta melakukan pengawasan, utamanya terhadap pelayanan publik dan pelaksanaan Undang-Undang tentang Desa. Peran ini memberikan kontribusi dalam ketepatan penanganan pandemi dan sekaligus dalam perbaikan kelembagaan pemerintahan daerah ke depan. Di tengah kebutuhan pemerintah untuk bertindak cepat menyelamatkan masyarakat dari pandemi, peran pemeriksaan yang dilakukan oleh BPK RI juga telah dilakukan beberapa penyesuaian. Situasi pandemi bukan situasi normal, dan tidak bisa diperiksa dengan standar situasi normal. Yang utama adalah Menyelamatkan rakyat. Menyelamatkan rakyat adalah hukum tertinggi dalam bernegara. Inovasi BPK untuk mewujudkan Akuntabilitas untuk Semua di negara kita patut untuk dihargai. Saya mengapresiasi upaya-upaya BPK untuk memberikan informasi temuan pemeriksaan agar ditindaklanjuti oleh pemerintah, baik di pusat maupun di daerah. Walaupun di era pandemi ini, kecepatan kerja dalam pelayanan peradilan juga tidak bisa ditunda, bahkan harus dipercepat. Proses administrasi dan persidangan perkara di Mahkamah Agung secara elektronik telah mampu mempercepat penanganan perkara. Bahkan, dengan adanya aplikasi peradilan-elektronik, e-Court, telah mempermudah dan meningkatkan jumlah perkara yang dibawa ke pengadilan. Demikian pula halnya dengan Mahkamah Konstitusi, yang juga menggelar persidangan melalui daring. Munculnya banyak permohonan keadilan yang terkait dengan undang-undang dan juga perkara pilkada, tetap membuat MK mampu menyelesaikan perkara tepat waktu. Keberadaan Sistem Peradilan Berbasis Elektronik telah memfasilitasi terselenggaranya layanan publik secara cepat, transparan, dan akuntabel. Komisi Yudisial juga harus tetap produktif di era pandemi, baik dalam seleksi Calon Hakim Agung, menangani laporan masyarakat, pemantauan perkara persidangan, serta pelanggaran kode etik hakim. Dengan kerja keras dan inovasi yang dilakukan, KY telah berhasil meningkatkan kinerjanya di tengah pandemi COVID-19 ini. Bapak, Ibu, dan Saudara-saudara sekalian yang saya hormati,Pandemi telah mengingatkan kepada kita untuk peduli kepada sesama. Penyakit yang diderita oleh seseorang akan menjadi penyakit bagi semuanya. Penyelesaian pribadi tidak akan pernah menjadi solusi. Penyelesaian bersama menjadi satu-satunya cara. Dengan budaya yang selalu saling peduli dan saling berbagi, masalah yang berat ini bisa lebih mudah diselesaikan. Mari kita pegang teguh nilai-nilai toleransi, Bhinneka Tunggal Ika, Gotong Royong, dan Pancasila dalam bermasyarakat, berbangsa, dan bernegara. Kita lewati ujian pandemi dan ujian-ujian lain setelah ini, dengan usaha yang teguh, disertai dengan doa pengharapan yang tulus. Kita jaga kesehatan kita, disiplinkan diri dalam protokol kesehatan, serta saling menjaga dan saling membantu. Tidak ada orang yang bisa aman dari ancaman COVID-19, selama masih ada yang menderitanya. Saya menyadari adanya kepenatan, kejenuhan, kelelahan, kesedihan, dan kesusahan selama pandemi COVID-19 ini. Saya juga menyadari, begitu banyak kritikan kepada pemerintah, terutama terhadap hal-hal yang belum bisa kita selesaikan. Kritik yang membangun itu sangat penting, dan selalu kita jawab dengan pemenuhan tanggung jawab, sebagaimana yang diharapkan rakyat. Terima kasih untuk seluruh anak bangsa yang telah menjadi bagian dari warga negara yang aktif, dan terus ikut membangun budaya demokrasi. Indonesia Tangguh, Indonesia Tumbuh, yang menjadi semboyan Bulan Kemerdekaan pada tahun ini, hanya bisa diraih dengan sikap terbuka dan siap berubah menghadapi dunia yang penuh disrupsi. Indonesia Tangguh, Indonesia Tumbuh, hanya bisa dicapai jika kita semua bahu-membahu dan saling bergandeng tangan dalam satu tujuan. Kita harus tangguh dalam menghadapi pandemi dan berbagai ujian yang akan kita hadapi dan kita harus terus tumbuh dalam menggapai cita-cita bangsa. Semoga Allah Swt., Tuhan Yang Mahakuasa, senantiasa meridai dan mempermudah upaya bangsa Indonesia, dalam meraih Indonesia Maju yang kita cita-citakan. Dirgahayu Republik Indonesia!Dirgahayu Negeri Pancasila!Merdeka! Busana yang saya pakai ini adalah pakaian adat Suku Baduy. Saya suka karena desainnya yang sederhana, simpel, dan nyaman dipakai. Saya juga ingin mengucapkan terima kasih pada Pak Jaro Saija, Ketua Adat Masyarakat Baduy yang telah menyiapkan baju adat ini. Terima kasih,Wassalamu’alaikum Warahmatullahi Wabarakatuh,
Om Shanti Shanti Shanti Om,Namo Buddhaya,
Salam kebajikan. PRESIDEN REPUBLIK INDONESIAJOKO WIDODO    "
"4",2022,"joko widodo","Bismillaahirrahmaanirrahiim. Assalaamu ’alaikum warahmatullaahi wabarakaatuh,Selamat pagi,
Salam sejahtera bagi kita semua,
Syalom,Om Swastyastu,Namo Buddhaya,
Salam kebajikan. Yang saya hormati, Wakil Presiden Republik Indonesia, Bapak Prof. Dr. (H.C.) KH Ma’ruf Amin beserta Ibu Hj. Wury Estu Ma’ruf Amin;
Yang saya hormati, Ibu Prof. Dr. (H.C.) Hj. Megawati Soekarnoputri, Presiden Kelima Republik Indonesia;
Yang saya hormati Ibu Hj. Shinta Nuriyah Abdurrahman Wahid, istri Presiden Keempat Republik Indonesia;
Yang saya hormati Bapak Try Sutrisno, Wakil Presiden Keenam Republik Indonesia;
Yang saya hormati Bapak Hamzah Haz, Wakil Presiden Kesembilan Republik Indonesia;
Yang saya hormati Bapak Muhammad Jusuf Kalla, Wakil Presiden Kesepuluh dan Keduabelas Republik Indonesia;
Yang saya hormati Bapak Prof. Dr. Boediono, Wakil Presiden Kesebelas Republik Indonesia;
Yang saya hormati Ketua, para Wakil Ketua, dan para Anggota MPR Republik Indonesia;
Yang saya hormati Ketua, para Wakil Ketua, dan para Anggota DPR Republik Indonesia;
Yang saya hormati Ketua, para Wakil Ketua, dan para Anggota DPD Republik Indonesia;
Yang saya hormati Ketua, para Wakil Ketua, dan para Anggota Lembaga-Lembaga Negara;
Yang saya hormati Yang Mulia para Duta Besar Negara-Negara Sahabat dan para Pimpinan Perwakilan Badan dan Organisasi Internasional yang hadir;
Yang saya hormati para Menteri Kabinet Indonesia Maju serta Panglima TNI, Kapolri, Jaksa Agung, Kepala BIN;
Yang saya hormati para Ketua Umum Partai-Partai Politik yang hadir;
Saudara-saudara se-Bangsa dan se-Tanah Air;
Para hadirin yang berbahagia. Tantangan yang kita hadapi saat ini sangat berat, sangat sulit, tidak mudah. Semua negara, di seluruh dunia, sedang menghadapi ujian yang sama. Krisis kesehatan, pandemi COVID-19 belum sepenuhnya pulih. Perekonomian dunia juga belum sepenuhnya bangkit. Tiba-tiba meletus perang di Ukraina, sehingga krisis pangan, krisis energi, dan krisis keuangan tidak terhindarkan lagi. Kita tahu, 107 negara terdampak krisis dan sebagian di antaranya diperkirakan akan jatuh bangkrut. Diperkirakan 553 juta jiwa terancam kemiskinan ekstrem dan 345 juta jiwa terancam kekurangan pangan akut dan kelaparan. Ujian ini tidak mudah bagi dunia dan juga tidak mudah bagi Indonesia. Semua ini harus kita hadapi dengan kehati-hatian dan dengan kewaspadaan. Namun, di tengah tantangan yang berat, kita patut bersyukur, Indonesia termasuk negara yang mampu menghadapi krisis global ini. Negara kita Indonesia termasuk negara yang berhasil mengendalikan pandemi COVID-19, termasuk lima besar negara dengan vaksinasi terbanyak di dunia, yaitu 432 juta dosis vaksin yang telah kita suntikkan. Inflasi juga berhasil dikendalikan di kisaran 4,9 persen. Angka ini jauh di bawah rata-rata inflasi ASEAN yang berada di sekitar 7 persen dan jauh di bawah inflasi negara-negara maju yang berada di sekitar 9 persen. Bahkan, sampai pertengahan tahun 2022 ini, APBN juga surplus Rp106 triliun. Oleh karena itu, Pemerintah mampu memberikan subsidi BBM, subsidi LPG, dan subsidi listrik, sebesar Rp502 triliun di tahun 2022 ini, agar harga BBM di masyarakat tidak melambung tinggi. Selain itu, ekonomi berhasil tumbuh positif di angka 5,44 persen pada kuartal II tahun 2022 ini. Neraca perdagangan juga surplus selama 27 bulan berturut-turut, dan di semester I tahun 2022 ini surplusnya sekitar Rp364 triliun. Capaian tersebut patut kita syukuri. Fundamental ekonomi Indonesia tetap sangat baik di tengah ekonomi dunia yang sedang bergolak. Di satu sisi, kita memang harus tetap waspada dan harus tetap hati-hati. Namun di sisi lain, agenda-agenda besar bangsa harus terus kita lanjutkan untuk meraih Indonesia Maju. Saudara-saudara se-Bangsa dan se-Tanah Air,
Dalam menghadapi pandemi COVID-19 yang melanda seluruh dunia, bangsa Indonesia telah menunjukkan diri sebagai bangsa yang tangguh. Masyarakat dusun dan masyarakat kampung saling melindungi dan saling berbagi. Ulama, tokoh agama, dan tokoh adat, aktif mendampingi masyarakat. Organisasi sosial keagamaan bergerak cepat membantu masyarakat. Tenaga kesehatan, TNI dan Polri, dan jajaran birokrasi saling bersinergi bersama-sama, bergotong royong, dan lembaga-lembaga negara juga mendukung Pemerintah dalam menghadapi ketidakpastian ini. Kalau kita mampu mengelola pandemi dengan baik, berarti artinya kita juga insyaallah pasti mampu mengelola agenda-agenda besar lainnya dengan baik pula. Inilah kekuatan pertama kita untuk membangun negara kita, Indonesia. Kekuatan kedua Indonesia adalah sumber daya alam yang melimpah. Wilayah yang luas dengan keanekaragaman hayati terkaya di dunia pasti menjadi kekuatan besar Indonesia, jika kita kelola secara bijak dan berkelanjutan. Syaratnya satu, harus dihilirkan dan diindustrialisasikan di dalam negeri, agar nilai tambah bisa maksimal untuk kepentingan nasional. Hal ini akan membuka lapangan kerja, meningkatkan ekspor, menghasilkan devisa, meningkatkan pendapatan negara, serta mendongkrak pertumbuhan ekonomi. Kekuatan ketiga kita adalah bonus demografi. Jumlah penduduk yang sangat besar, dan didominasi oleh anak-anak muda usia produktif, serta daya beli masyarakat yang terus meningkat, akan menjadi motor penggerak ekonomi nasional dalam menghadapi kompetisi global. Kekuatan keempat adalah kepercayaan internasional yang meningkat tajam. Indonesia diterima oleh Rusia dan juga diterima Ukraina sebagai jembatan perdamaian. Diterima negara-negara besar, walau geopolitik sedang panas, dan juga dipercaya PBB sebagai Champions dari Global Crisis Response Group untuk penanganan krisis global, baik krisis pangan, krisis energi, maupun krisis keuangan. Dan tahun ini, kita menjadi Presiden G20, organisasi 20 negara ekonomi terbesar di dunia dan tahun depan kita juga menjadi ketua negara-negara ASEAN. Artinya, kita berada di puncak kepemimpinan global dan memperoleh kesempatan besar untuk membangun kerja sama-kerja sama internasional. Kepercayaan besar dari masyarakat internasional ini juga bisa dirasakan di dalam negeri. Reformasi struktural untuk daya saing dan iklim berusaha terus kita lakukan. Ekosistem investasi dan pertumbuhan UMKM terus kita perbaiki. Hilirisasi dan manufaktur di dalam negeri juga terus tumbuh pesat. Pertumbuhan investasi juga meningkat tajam, di mana saat ini 52 persennya sudah berada di luar Pulau Jawa. Artinya, ekonomi kita bukan hanya tumbuh pesat, tetapi juga tumbuh merata, menuju pembangunan yang Indonesia Sentris. Saudara-saudara se-Bangsa dan se-Tanah Air,
Dengan kekuatan dan peluang besar tersebut, kita mempunyai kesempatan besar untuk membangun Indonesia yang inklusif, berkeadilan, dan berkelanjutan. Pertama, hilirisasi dan industrialisasi sumber daya alam harus terus dilakukan. Hilirisasi nikel, misalnya, telah meningkatkan ekspor besi baja 18 kali lipat. Saya ingat, di tahun 2014 hanya sekitar Rp16 triliun tapi di tahun 2021 kemarin meningkat menjadi Rp306 triliun, karena sudah diekspor dalam bentuk barang setengah jadi maupun barang jadi. Dan di akhir tahun 2022 ini, kita harapkan sudah bisa mencapai Rp440 triliun. Itu hanya dari nikel, sekali lagi itu hanya dari nikel. Selain penerimaan pajak, devisa negara juga naik, sehingga kurs rupiah lebih stabil. Sekarang ini, Indonesia telah menjadi produsen kunci dalam rantai pasok baterai litium global. Produsen mobil listrik dari Asia, dari Eropa, dan dari Amerika ikut berinvestasi di negara kita. Setelah nikel, Pemerintah juga akan terus mendorong hilirisasi bauksit, hilirisasi tembaga, dan hilirisasi timah. Kita harus berani, kita harus membangun ekosistem industri di dalam negeri yang terintegrasi, yang akan mendukung pengembangan ekosistem ekonomi hijau dunia. Yang kedua, selain hilirisasi, optimalisasi sumber energi bersih dan ekonomi hijau harus terus kita tingkatkan. Persemaian dan rehabilitasi hutan tropis dan hutan mangrove, serta rehabilitasi habitat laut, akan terus dilakukan, dan akan menjadi potensi besar penyerap karbon. Energi bersih dari panas matahari, panas bumi, angin, ombak laut, dan energi bio, akan menarik industri penghasil produk-produk rendah emisi. Kawasan industri hijau di Kalimantan Utara akan menjadi Green Industrial Park terbesar di dunia. Saya optimistis, kita akan menjadi penghasil produk-produk hijau yang kompetitif di perdagangan internasional. Upaya tersebut bisa langsung disinergikan dengan program peningkatan produksi pangan dan energi bio. Pemanfaatan kekayaan hayati laut secara bijak, akan menjadi kekuatan besar untuk produk pangan, farmasi, dan energi. Demikian pula dengan perkebunan kita, antara lain kelapa sawit, yang telah terbukti menjadi pemasok terbesar CPO dunia. Untuk konsumsi beras, kita sudah tidak lagi impor dalam tiga tahun terakhir, untuk beras konsumsi. Pembangunan bendungan dan irigasi telah mendukung peningkatan produktivitas nasional kita. Alhamdulillah, kita baru saja memperoleh penghargaan dari International Rice Research Institute, yang disaksikan oleh FAO, karena kita dinilai mampu mencapai sistem ketahanan pangan dan swasembada beras sejak tahun 2019. Yang ketiga, perlindungan hukum, sosial, politik, dan ekonomi untuk rakyat harus terus diperkuat. Pemenuhan hak sipil dan praktik demokrasi, hak politik perempuan dan kelompok marjinal, harus terus kita jamin. Hukum harus ditegakkan seadil-adilnya, tanpa pandang bulu. Keamanan, ketertiban sosial, dan stabilitas politik adalah kunci. Rasa aman dan rasa keadilan harus dijamin oleh negara, khususnya oleh aparat penegak hukum dan lembaga-lembaga peradilan. Demikian juga dengan pemberantasan korupsi, terus menjadi prioritas utama. Untuk itu, Polri, Kejaksaan, dan KPK terus bergerak. Korupsi besar di Jiwasraya, ASABRI, dan Garuda berhasil dibongkar, dan pembenahan total telah dimulai. Penyelamatan aset negara yang tertunda, seperti kasus BLBI terus dikejar dan sudah menunjukkan hasil. Skor Indeks Persepsi Korupsi dari Transparansi Internasional juga naik dari 37 menjadi 38 di tahun 2021. Indeks Perilaku Anti Korupsi dari BPS juga meningkat, dari 3,88 ke 3,93 di tahun 2022. Penyelesaian pelanggaran HAM berat masa lalu, juga terus menjadi perhatian serius Pemerintah. RUU Komisi Kebenaran dan Rekonsiliasi sedang dalam proses pembahasan dan Tindak lanjut atas temuan Komnas HAM masih terus berjalan. Keppres Pembentukan Tim Penyelesaian Non-Yudisial Pelanggaran HAM Berat Masa Lalu juga telah saya tanda tangani. Saudara-saudara se-Bangsa dan se-Tanah Air,
Saya tekankan, reforma agraria, perhutanan sosial, dan sertifikasi tanah harus terus dilanjutkan. Berbagai macam bantuan sosial akan terus dilanjutkan dengan sinergi dan data yang lebih baik. Program pelatihan dan bantuan untuk para pekerja akan terus ditingkatkan. Program-program ini menjangkau nelayan, petani, buruh, pekerja informal, dan penyandang disable. Tentang disable, kita juga baru saja menjadi tuan rumah ASEAN Para Games di Solo, dan alhamdulillah, kita menjadi Juara Umum. Yang keempat, UMKM harus terus didukung agar bisa segera naik kelas. Digitalisasi ekonomi yang telah melahirkan dua decacorn dan sembilan unicorn terus kita dorong untuk membantu pemberdayaan usaha mikro, kecil, dan menengah. Sembilan belas juta UMKM telah masuk dalam ekosistem digital dan ditargetkan sebesar 30 juta UMKM akan masuk ekosistem digital pada tahun 2024. Berbagai bantuan pendanaan murah juga terus dilanjutkan. Penayangan produk UMKM di E-katalog pemerintah juga diharapkan akan menyerap produk UMKM. Di saat yang sama, kewajiban APBN, APBD, dan BUMN-BUMN untuk membeli produk dalam negeri juga akan terus didisiplinkan. Kelima, pembangunan Ibu Kota Nusantara terus harus dijaga keberlanjutannya. IKN bukan hanya untuk para ASN, tetapi juga para inovator dan para wirausahawan. Bukan hanya berisi kantor-kantor pemerintah, tetapi juga motor penggerak ekonomi baru. Bukan kota biasa, tetapi kota rimba dengan pelayanan pendidikan dan kesehatan kelas dunia. Kawasan Inti Pusat Pemerintahan memang dibangun oleh APBN, tetapi selebihnya, 80 persen investasi swasta diundang untuk ikut berpartisipasi. Saudara-saudara se-Bangsa dan se-Tanah Air,
Semua agenda tersebut harus ditopang oleh manusia Indonesia yang unggul. Untuk itu, di bidang kesehatan, stunting harus cepat dipangkas. Layanan promotif dan preventif serta layanan pengobatan harus semakin kuat dan merata. Akses anak usia didik terhadap layanan pendidikan yang berkualitas harus terus diprioritaskan. Para siswa dan mahasiswa harus dikenalkan pada dunia kerja sejak dini. Minat anak di bidang sains, teknologi, seni, dan olahraga harus didukung dan diapresiasi. Oleh karena itu, budi pekerti yang luhur, ideologi Pancasila, Bhinneka Tunggal Ika, dan patriotisme merupakan pilar utama. Seni dan tradisi lokal dengan semangat kebangsaan harus terus digairahkan. Karya sastra dan film karya seniman muda harus terus didukung. Dana Abadi Kebudayaan akan terus kita tingkatkan sesuai kemampuan fiskal pemerintah. Adapun untuk tahapan pemilu yang sedang dipersiapkan oleh KPU harus kita dukung sepenuhnya. Saya ingatkan, jangan ada lagi politik identitas. Jangan ada lagi politisasi agama. Jangan ada lagi polarisasi sosial. Demokrasi kita harus semakin dewasa. Konsolidasi nasional harus diperkuat. Terima kasih kepada ulama, tokoh agama, tokoh masyarakat, dan tokoh kebudayaan, yang telah berkontribusi besar memperkokoh fondasi kebangsaan kita serta merawat persatuan dan kesatuan nasional. Saya juga mengharapkan dukungan dari semua lembaga-lembaga negara untuk menjaga dan membangun demokrasi di negeri kita ini, untuk memperkokoh ideologi bangsa. Saya menghargai upaya MPR dalam mendorong pengamalan Pancasila, mengkaji substansi dan bentuk hukum Pokok-Pokok Haluan Negara, serta menggagas kerja sama internasional dalam mengatasi permasalahan global. Dukungan DPR dalam menghadapi krisis kesehatan dan perekonomian telah mampu membantu Pemerintah. DPR telah mendukung beberapa transformasi besar, antara lain Undang-Undang IKN dan Undang-Undang Harmonisasi Peraturan Perpajakan, serta Undang-Undang Tindak Pidana Kekerasan Seksual. DPD, sesuai dengan kewenangannya, telah ikut berperan dalam menyusun beberapa rancangan undang-undang, terutama terkait dengan otonomi khusus dan pembentukan provinsi-provinsi baru. Reformasi pelayanan hukum di Mahkamah Agung terbukti telah meningkatkan kualitas penyelesaian perkara. MA terus mengedepankan keadilan restoratif. MA juga telah meningkatkan akses pelayanan hukum yang berkeadilan bagi masyarakat. Mahkamah Konstitusi telah meningkatkan pelayanan penegakan konstitusi secara efektif. Sistem peradilan berbasis elektronik semakin memudahkan akses masyarakat. Peran MK sebagai tuan rumah Kongres MK sedunia juga patut diapresiasi. BPK telah menjaga sinergi antara kualitas tata kelola keuangan negara dan fleksibilitas dalam menghadapi krisis. Ini sangat membantu Pemerintah. Rencana penyelenggaraan Supreme Audit Institution (SAI)-20 juga semakin memperkokoh kepemimpinan Indonesia di G20. Komisi Yudisial terus memberikan layanan prima dalam mengawal peradilan yang bersih dan berwibawa. Penanganan laporan masyarakat terkait lembaga peradilan telah membantu memberikan rasa keadilan kepada masyarakat. Saya juga mengucapkan terima kasih kepada lembaga-lembaga nasional yang lain sesuai wewenang dan perannya. Terima kasih kepada Bank Indonesia, Otoritas Jasa Keuangan, dan Lembaga Penjamin Simpanan. Terima kasih juga kami sampaikan kepada Komisi Pemberantasan Korupsi dan Ombudsman Republik Indonesia, dan juga kepada Komisi Pemilihan Umum dan Badan Pengawas Pemilihan Umum, juga kepada Komnas HAM dan Lembaga-lembaga nasional lainnya. Saudara-saudara se-Bangsa dan se-Tanah Air,
Saya tegaskan kembali bahwa kita harus selalu waspada, selalu hati-hati, dan selalu siaga. Krisis demi krisis masih menghantui dunia. Geopolitik dunia mengancam keamanan kawasan. Kita harus selalu “Eling lan Waspodo”, harus ingat dan selalu waspada. Kita harus selalu cermat dalam bertindak. Kita harus selalu hati-hati dalam melangkah. Saya tegaskan kembali, agenda besar bangsa tidak boleh berhenti. Langkah-langkah besar harus terus dilakukan. Ada minimal lima agenda besar yang tadi telah saya tekankan. Saya mengajak seluruh komponen bangsa untuk bersatu padu, mendukung agenda besar bagi pencapaian Indonesia Maju, dengan komitmen, dengan kerja keras, dengan inovasi dan kreativitas. Semoga Allah Swt., Tuhan Yang Mahakuasa, senantiasa mempermudah upaya kita dalam meraih Indonesia Maju yang kita cita-citakan. Aamiin aamiin ya rabbal alamin.Marilah kita bersatu padu, untuk Indonesia Maju.
Indonesia pulih lebih cepat, bangkit lebih kuat. Dirgahayu Republik Indonesia!
Dirgahayu Negeri Pancasila!
Merdeka! Terima kasih.Wassalaamu ’alaikum warahmatullaahi wabarakaatuh,
Om Shanti Shanti Shanti Om,Namo Buddhaya. Dan sebagai tambahan, baju adat yang saya kenakan ini adalah baju Paksian, berasal dari Provinsi Bangka Belitung. Motifnya, motifnya bernama ‘pucuk rebung’ yang melambangkan kerukunan dan warna hijau yang kita pilih karena mengandung filosofi kesejukan, harapan, dan pertumbuhan. Terima kasih. Jakarta, 16 Agustus 2022 PRESIDEN REPUBLIK INDONESIA JOKO WIDODO"
"5",2023,"joko widodo","Pidato Presiden Joko Widodo pada Sidang Tahunan MPR RI dan Sidang Bersama DPR RI dan DPD RI dalam rangka HUT Ke-78 Proklamasi Kemerdekaan RI, 16 Agustus 2023 Bismillahirrahmaanirrahiim,Assalamu’alaikum Warahmatullaahi WabarakaatuhSelamat pagi,
Salam sejahtera bagi kita semua,Om Swastyastu,Namo Buddhaya,
Salam Kebajikan. Yang saya hormati Wakil Presiden Republik Indonesia, Bapak Prof. Dr. (H.C.) KH Ma’ruf Amin beserta Ibu Hj. Wury Estu Ma’ruf Amin;
Yang saya hormati Ketua, para Wakil Ketua, dan para Anggota Majelis Permusyawaratan Rakyat Republik Indonesia;
Yang saya hormati Ketua, para Wakil Ketua, dan para  Anggota Dewan Perwakilan Rakyat Republik Indonesia;
Yang saya hormati Ketua, para Wakil Ketua, dan para  Anggota Dewan Perwakilan Daerah Republik Indonesia;
Yang saya hormati Ketua, para Wakil Ketua, dan para Anggota Lembaga-Lembaga Negara;
Yang saya hormati Ibu Prof. Dr. (H.C.). Hj. Megawati Soekarnoputri, Presiden Kelima Republik Indonesia;
Yang saya hormati Bapak Jenderal (Purn.) TNI Try Sutrisno dan Bapak H. Hamzah Haz;
Yang saya hormati Bapak H. Muhammad Jusuf Kalla beserta Ibu Hj. Mufidah Jusuf Kalla;
Yang saya hormati Ibu Hj. Sinta Nuriyah Abdurrahman Wahid;
Yang saya hormati Yang Mulia para Duta Besar Negara-Negara Sahabat dan para Pimpinan Perwakilan Badan dan Organisasi Internasional;
Yang saya hormati para Menteri Kabinet Indonesia Maju, Jaksa Agung, Panglima TNI, dan Kapolri, serta KaBIN;
Yang saya hormati,para Ketua Umum Partai Politik;
Bapak-Ibu, Saudara-saudara se-Bangsa dan se-Tanah Air, Para hadirin yang saya muliakan. Kita saat ini sudah memasuki tahun politik. Suasana sudah hangat-hangat kuku dan sedang tren di kalangan politisi dan partai politik, setiap ditanya capres dan cawapresnya, jawabannya, “Belum ada arahan dari Pak Lurah.” Saya sempat berpikir, siapa ini “Pak Lurah”. Sedikit-sedikit kok Pak Lurah. Belakangan saya tahu, yang dimaksud Pak Lurah ternyata saya. Ya, saya jawab saja, saya bukan lurah, saya Presiden Republik Indonesia. Ternyata Pak Lurah itu kode. Tapi, perlu saya tegaskan. Saya ini bukan ketua umum parpol, bukan ketua umum partai politik, bukan juga ketua koalisi parpol. Sesuai ketentuan undang-undang, yang menentukan capres dan cawapres adalah partai politik dan koalisi partai politik. Jadi saya ingin mengatakan, itu bukan wewenang saya. Bukan wewenang Pak Lurah. Bukan wewenang Pak Lurah, sekali lagi. Walaupun saya paham, ini sudah nasib seorang Presiden untuk dijadikan paten-patenan [Bahasa Jawa], dijadikan alibi, dijadikan tameng. Bahkan, walau kampanye belum mulai, foto saya banyak dipasang di mana-mana. Saya harus ngomong apa adanya. Saya ke Provinsi A, ada, ke Kota B, ada, ke Kabupaten C, ada juga. Sampai ke tikungan-tikungan desa, ada juga. Tapi, bukan foto saya sendirian. Ada di sebelahnya bareng Capres. Ya, saya kira menurut saya juga tidak apa-apa. Boleh-boleh saja. Bapak, Ibu yang saya muliakan,
Posisi Presiden itu tidak senyaman yang dipersepsikan. Ada tanggung jawab besar yang harus diemban. Banyak permasalahan rakyat yang harus diselesaikan. Dengan adanya media sosial seperti sekarang ini, apapun bisa disampaikan kepada Presiden, mulai dari masalah rakyat di pinggiran, sampai kemarahan, sampai ejekan, bahkan makian dan fitnahan bisa dengan mudah disampaikan dengan media sosial. Saya tahu, ada yang mengatakan saya ini bodoh, plonga-plongo, tidak tahu apa-apa, Firaun, tolol. Ya, ndak apa-apa. Sebagai pribadi, saya menerima saja. Tapi, yang membuat saya sedih, budaya santun dan budi pekerti luhur bangsa ini tampak mulai hilang. Kebebasan dan demokrasi digunakan untuk melampiaskan kedengkian dan fitnah. Polusi di wilayah budaya ini, sekali lagi, polusi di wilayah budaya ini sangat melukai keluhuran budi pekerti bangsa Indonesia. Memang tidak semua seperti itu. Saya melihat mayoritas masyarakat juga sangat kecewa dengan polusi budaya tersebut. Cacian dan makian yang ada justru membangunkan nurani kita semua, nurani bangsa untuk bersatu menjaga moralitas ruang publik, bersatu menjaga mentalitas masyarakat, sehingga kita bisa tetap melangkah maju, menjalankan transformasi bangsa menuju Indonesia Maju, menuju Indonesia Emas 2045. Ini yang bolak-balik saya sampaikan di setiap kesempatan. Bahwa Indonesia saat ini punya peluang besar untuk meraih Indonesia Emas 2045, meraih posisi menjadi negara 5 besar kekuatan ekonomi dunia. Kita punya kesempatan. Tidak hanya peluang saja, tapi strategi untuk meraihnya sudah ada, sudah dirumuskan. Tinggal apakah kita mau memfokuskan energi kita untuk bergerak maju, atau justru membuang energi kita untuk hal-hal yang tidak produktif, yang memecah belah, bahkan yang membuat kita melangkah mundur. Bapak, Ibu, Saudara-saudara se-Bangsa & se-Tanah Air,
Para hadirin yang saya muliakan,
Bonus demografi yang akan mencapai puncak di tahun 2030-an adalah peluang besar kita untuk meraih Indonesia Emas 2045. Enam puluh delapan persen adalah penduduk usia produktif. Di sinilah kunci peningkatan produktivitas nasional kita. Selanjutnya, peluang besar yang kedua adalah international trust yang dimiliki Indonesia saat ini, yang dibangun bukan sekadar melalui gimmick dan retorika semata, melainkan melalui sebuah peran dan bukti nyata keberanian Indonesia dalam bersikap. Momentum Presidensi Indonesia di G20, Keketuaan Indonesia di ASEAN, konsistensi Indonesia dalam menjunjung HAM, kemanusiaan, dan kesetaraan, serta kesuksesan Indonesia menghadapi krisis dunia 3 tahun terakhir ini, telah mendongkrak dan menempatkan Indonesia kembali dalam peta percaturan dunia. Dan, di tengah kondisi dunia yang bergolak akibat perbedaan, Indonesia dengan Pancasila-nya, dengan harmoni keberagamannya, dengan prinsip demokrasinya, mampu menghadirkan ruang dialog, mampu menjadi titik temu, dan menjembatani perbedaan-perbedaan yang ada. Lembaga think tank Australia, Lowy Institute, menyebut Indonesia sebagai middle power in Asia, dengan diplomatic influence yang terus meningkat tajam. Dan, Indonesia termasuk 1 dari 6 negara Asia yang mengalami kenaikan comprehensive power. Tapi kemudian ada yang bilang, memang kenapa dengan international trust yang tinggi. Rakyat kan makannya nasi. International trust tidak bisa dimakan. Ya memang tidak bisa. Sama seperti jalan tol, tidak bisa dimakan, ya memang. Nah, ini contoh menghabiskan energi untuk hal tidak produktif. Tapi tidak apa-apa, saya malah senang. Memang harus ada yang begini-begini, supaya lebih berwarna, supaya tidak monoton dunia ini. Bapak, Ibu yang saya muliakan,
Dengan international trust yang tinggi, kredibilitas kita akan lebih diakui, kedaulatan kita akan lebih dihormati. Suara Indonesia akan lebih didengar sehingga memudahkan kita dalam setiap bernegosiasi. Peluang tersebut harus mampu kita manfaatkan. Rugi besar kita jika melewatkan kesempatan ini, karena tidak semua negara memilikinya dan belum tentu kita akan kembali memilikinya. Sehingga, strategi pertama untuk memanfaatkan kesempatan ini adalah mempersiapkan Sumber Daya Manusia Indonesia. Kita telah berhasil menurunkan angka stunting menjadi 21,6% di 2022 dari angka sebelumnya 37%, menaikkan Indeks Pembangunan Manusia menjadi 72,9 di 2022. Kita juga telah meningkatkan Indeks Pemberdayaan Gender menjadi 76,5 di 2022, menyiapkan anggaran perlindungan sosial, kalau dijumlah dari tahun 2015 sampai tahun 2023 total sebesar Rp3.212 triliun, termasuk di dalamnya Kartu Indonesia Sehat, Kartu Indonesia Pintar, Kartu Indonesia Pintar Kuliah, Program Keluarga Harapan, Kartu Sembako, serta perlindungan kepada lansia, penyandang disabilitas, dan kelompok rentan lainnya, serta reskilling dan upskilling tenaga kerja melalui Balai Latihan Kerja dan Program Kartu Pra-Kerja. Di saat yang sama, SDM yang telah kita persiapkan harus mendapatkan lapangan kerja untuk menghasilkan produktivitas nasional. Sehingga, kita juga harus mengembangkan sektor ekonomi baru yang membuka lapangan kerja sebanyak-banyaknya, yang memberikan nilai tambah sebesar-besarnya. Di sinilah peran sektor ekonomi hijau dan hilirisasi sebagai window of opportunity kita untuk meraih kemajuan, karena Indonesia sangat kaya sumber daya alam, termasuk bahan mineral, hasil perkebunan, hasil kelautan, serta sumber energi baru dan terbarukan. Tapi, kaya sumber daya alam (SDA) saja tidak cukup. Jadi pemilik saja juga tidak cukup. Karena itu akan membuat kita menjadi bangsa pemalas, yang hanya menjual bahan mentah kekayaannya tanpa ada nilai tambah, tanpa ada keberlanjutan. Saya ingin tegaskan, Indonesia tidak boleh seperti itu. Indonesia harus menjadi negara yang juga mampu mengolah sumber dayanya, mampu memberikan nilai tambah, dan menyejahterakan rakyatnya. Dan, ini bisa kita lakukan melalui hilirisasi, yang sudah ratusan kali saya sampaikan, puluhan kali saya sampaikan. Hilirisasi yang ingin kita lakukan adalah hilirisasi yang melakukan transfer teknologi, yang memanfaatkan sumber energi baru dan terbarukan, serta meminimalisir dampak lingkungan. Pemerintah telah mewajibkan perusahaan tambang sekarang ini untuk membangun pusat pembibitan, membangun pusat persemaian untuk menghutankan kembali lahan pascatambang, pascapenambangan. Hilirisasi yang kita lakukan tidak hanya pada komoditas mineral, tapi juga non-mineral, seperti sawit, rumput laut, kelapa, dan komoditas-komoditas potensial lainnya yang mengoptimalkan kandungan lokal, yang bermitra dengan UMKM, bermitra dengan  petani, dan bermitra dengan nelayan, sehingga manfaatnya terasa langsung bagi rakyat kecil. Upaya ini sedang kita lakukan dan harus terus dilanjutkan. Ini memang pahit bagi pengekspor bahan mentah. Ini juga mungkin pahit bagi pendapatan negara jangka pendek. Tapi jika ekosistem besarnya sudah terbentuk, jika pabrik pengolahannya sudah beroperasi, saya pastikan ini akan berbuah manis pada akhirnya, terutama bagi kesejahteraan masyarakat Indonesia. Sebagai gambaran, setelah kita stop ekspor nickel ore di tahun 2020, investasi hilirisasi nikel tumbuh pesat. Kini telah ada 43 industri pengolahan nikel yang akan membuka peluang kerja yang sangat besar. Ini baru satu komoditas. Dan, jika kita konsisten dan mampu melakukan hilirisasi untuk nikel, kemudian tembaga, kemudian bauksit, kemudian CPO, dan rumput laut, dan yang lain-lainya,  berdasar hitung-hitungan perkiraan dalam 10 tahun pendapatan per kapita kita, dalam 10 tahun mendatang pendapatan per kapita kita akan mencapai Rp153 juta (USD10,900). Dalam 15 tahun, pendapatan per kapita kita akan mencapai Rp217 juta (USD15,800). Dan, dalam 22 tahun, pendapatan per kapita kita, akan mencapai Rp331 juta (USD25,000). Sebagai perbandingan, tahun 2022 kemarin kita berada di angka Rp71 juta. Artinya, dalam 10 tahun lompatannya bisa lebih dari 2 kali lipat lebih. Dimana fondasi untuk menggapai itu semua sudah kita mulai. Pembangunan infrastruktur dan konektivitas yang pada akhirnya menaikkan daya saing kita. Kita tahu berdasarkan International Institute for Management Development, daya saing kita pada 2022 naik dari ranking 44 menjadi 34. Kenaikan ini merupakan kenaikan tertinggi di dunia. Pembangunan dari desa, pinggiran, dan daerah terluar yang pada akhirnya memeratakan ekonomi kita, dengan Dana Desa yang kita gelontorkan mencapai Rp539 triliun dari tahun 2015 sampai tahun 2023. Konsistensi reformasi struktural, terutama sinkronisasi dan penyederhanaan regulasi, kemudahan perizinan, kepastian hukum, dan pencegahan korupsi. Semua itu menjadi modalitas kita untuk meraih kemajuan. Oleh sebab itu, saya berulang kali menyampaikan, kepemimpinan ke depan sangat menentukan masa depan Indonesia. Ini bukan tentang siapa yang jadi presidennya. Bukan, bukan itu, bukan itu. Tapi, apakah sanggup atau tidak untuk bekerja sesuai dengan apa yang sudah kita mulai saat ini, apakah berani atau tidak, mampu konsisten atau tidak. Karena yang dibutuhkan adalah napas yang panjang. Karena kita tidak sedang jalan sore. Kita juga tidak sedang lari sprint. Tapi yang kita lakukan harusnya adalah lari maraton untuk mencapai Indonesia Emas. Bapak, Ibu yang saya muliakan,
Tantangan ke depan tidaklah mudah. Pilihan kebijakan akan semakin sulit sehingga dibutuhkan keberanian, dibutuhkan kepercayaan untuk mengambil keputusan yang sulit dan keputusan yang tidak populer. Oleh sebab itu, menurut saya, pemimpin itu harus punya public trust, karena kepercayaan adalah salah satu faktor penentu bisa berjalan atau tidaknya suatu kebijakan, bisa diikuti atau tidaknya sebuah keputusan. Ini adalah modal politik dalam memimpin sebuah bangsa besar seperti Indonesia. Selain itu, seorang pemimpin juga membutuhkan dukungan dan kerja sama dari seluruh komponen bangsa. Oleh sebab itu, saya ingin mengucapkan terima kasih kepada Pimpinan Lembaga Tinggi Negara, para ulama, para tokoh agama, para tokoh masyarakat, dan para pemimpin adat, kepada guru, budayawan, tenaga kesehatan, dan awak media, partai politik, politisi, aparat pemerintah, dan TNI/Polri, serta kepada seluruh lapisan masyarakat yang telah memberikan dukungan selama ini. Saya juga menghargai upaya Majelis Permusyawaratan Rakyat dalam memperkokoh fondasi kebangsaan, meningkatkan pemahaman ideologi bangsa, mengkaji substansi dan bentuk hukum pokok haluan negara, serta menguatkan kerja sama internasional untuk berkontribusi pada pemecahan persoalan global. Dukungan Dewan Perwakilan Rakyat juga sangat luar biasa besar dalam mendukung reformasi struktural, mendukung upaya perbaikan tata kelola pemerintahan, menghindari penyelewengan pengelolaan keuangan negara,  dan mempersiapkan pelaksanaan pemilu serentak tahun 2024. Dewan Perwakilan Daerah sesuai dengan kewenangannya juga telah aktif menyerap aspirasi masyarakat daerah, berperan dalam penyusunan beberapa RUU, dan juga melakukan telaah terhadap sistem tata negara kita. Kontribusi Badan Pemeriksa Keuangan juga sangat signifikan dalam mendorong pertanggungjawaban anggaran serta perbaikan berkelanjutan Program Prioritas Nasional. Upaya Mahkamah Agung dalam menciptakan keadilan patut diapresiasi melalui peningkatan transparansi peradilan, pengembangan sistem peradilan berbasis elektronik, serta percepatan proses penanganan perkara dengan biaya murah. Mahkamah Konstitusi juga terbukti semakin cepat dalam menyelesaikan perkara, transparansi dalam proses persidangannya, dan mempermudah pelayanan para pencari keadilan. Komisi Yudisial terus aktif melakukan advokasi, pelatihan, dan investigasi, menjatuhkan sanksi tegas terhadap hakim yang melanggar untuk menegakkan kehormatan, keluhuran martabat dan perilaku hakim. Selain itu, saya juga mengucapkan terima kasih kepada Bank Indonesia, Otoritas Jasa Keuangan, Lembaga Penjamin Simpanan, Komisi Pemberantasan Korupsi, Ombudsman RI, Komisi Pemilihan Umum, Badan Pengawas Pemilu, Komnas HAM, dan lembaga-lembaga nasional lainnya yang telah berkontribusi sesuai peran dan  kewenangannya. Semoga Allah SWT, Tuhan Yang Maha Esa, senantiasa mempermudah upaya kita dalam meraih Indonesia Maju yang kita cita-citakan. Marilah kita bersatu padu, Terus Melaju untuk Indonesia Maju. Dirgahayu Republik Indonesia!
Dirgahayu Negeri Pancasila!
Merdeka! Merdeka! Merdeka! Terima kasih.Wassalaamu’alaikum Warahmatullaahi Wabarakaatuh.Om Shanti Shanti Shanti Om,Namo Buddhaya. Untuk informasi, yang saya pakai ini adalah baju adat dari Tanimbar, Provinsi Maluku.   Jakarta, 16 Agustus 2023 PRESIDEN REPUBLIK INDONESIA JOKO WIDODO"
